CGY,2022,CGY,CGY,Team Level,other,82,0.49,0.5,0.49,9412.0,135.81,30.17,9.17,23.83,4.38,70.64,50.81,27.77,30.17,27.77,131.0,58.0,67.0,256.0,19.0,9.0,0.0,23.0,7.0,56.0,75.0,112.0,170.0,14.0,32.0,111.0,39.0,24.0,26.0,93.0,56.0,40.0,3.72,6.82,19.64,2.0,5.0,12.0,256.0,189.0,189.0,13.0,2.6,3.14,3.14,29.63,29.63,28.05,147.38,31.4,10.36,25.56,4.77,74.27,51.64,29.09,31.4,29.09,145.0,53.0,57.0,255.0,31.0,14.0,6.0,20.0,6.0,65.0,62.0,114.0,167.0,6.0,12.0,141.0,28.0,19.0,28.0,90.0,64.0,44.0,3.8,8.12,19.49,6.0,8.0,17.0,255.0,198.0,198.0,10.0,3.09,4.52,4.52,29.97,29.97,28.11
CGY,2022,CGY,CGY,Team Level,all,82,0.54,0.57,0.56,299918.0,2972.44,278.2,201.51,696.2,99.22,1628.06,1211.81,267.91,278.96,268.67,2949.0,1166.0,1412.0,5527.0,258.0,281.0,42.0,710.0,70.0,1202.0,1594.0,2691.0,3857.0,309.0,687.0,2531.0,1981.0,624.0,717.0,3056.0,766.0,293.0,85.01,93.58,99.62,79.0,92.0,87.0,5551.19,4115.0,4132.21,364.0,44.43,56.89,56.89,265.73,266.51,260.99,2321.39,238.84,159.06,531.61,76.22,1238.58,924.7,228.46,239.91,229.48,2243.0,926.0,1024.0,4193.0,247.0,211.0,34.0,536.0,101.0,892.0,1182.0,1996.0,2922.0,297.0,651.0,2496.0,1758.0,642.0,835.0,2234.0,677.0,258.0,67.75,83.68,87.4,84.0,85.0,78.0,4200.45,3169.0,3178.11,462.0,35.46,44.59,44.65,229.64,230.5,224.88
CGY,2022,CGY,CGY,Team Level,5on5,82,0.55,0.57,0.57,239775.0,2327.88,192.77,149.24,571.06,77.8,1270.95,952.18,186.29,193.53,187.04,2290.0,924.0,1135.0,4349.0,182.0,226.0,33.0,585.0,48.0,923.0,1250.0,2108.0,3032.0,271.0,607.0,1943.0,1812.0,498.0,594.0,2440.0,583.0,191.0,68.84,71.22,52.71,71.0,74.0,37.0,4373.19,3214.0,3231.21,308.0,30.76,43.04,43.04,180.49,181.26,178.36,1771.01,159.77,116.06,426.98,58.5,942.38,719.32,154.22,160.85,155.25,1702.0,721.0,807.0,3230.0,169.0,167.0,26.0,426.0,77.0,664.0,920.0,1533.0,2254.0,270.0,597.0,1895.0,1617.0,550.0,687.0,1777.0,483.0,163.0,54.19,60.01,45.58,70.0,59.0,40.0,3237.45,2423.0,2432.11,401.0,24.07,33.64,33.95,149.89,150.74,148.55
CGY,2022,CGY,CGY,Team Level,4on5,82,0.22,0.23,0.26,25978.0,118.07,11.74,6.3,17.14,3.88,39.01,82.93,11.45,11.74,11.45,130.0,31.0,20.0,181.0,8.0,5.0,0.0,16.0,2.0,22.0,108.0,122.0,153.0,9.0,18.0,227.0,91.0,71.0,45.0,113.0,36.0,12.0,3.19,4.47,4.09,1.0,4.0,3.0,181.0,161.0,161.0,40.0,1.43,1.14,1.14,12.05,12.05,11.96,336.32,41.01,29.38,70.16,11.02,202.11,107.32,38.73,41.01,38.73,321.0,140.0,142.0,603.0,41.0,25.0,2.0,81.0,17.0,152.0,145.0,280.0,420.0,9.0,18.0,247.0,32.0,21.0,75.0,308.0,110.0,43.0,7.98,13.06,19.97,8.0,13.0,20.0,603.0,461.0,461.0,10.0,7.55,4.99,4.74,43.83,43.83,42.33
CGY,2022,CGY,CGY,Team Level,5on4,82,0.87,0.88,0.86,24753.0,390.68,43.51,36.8,84.16,13.18,247.46,125.88,42.41,43.51,42.41,398.0,153.0,190.0,741.0,49.0,41.0,9.0,86.0,13.0,201.0,161.0,349.0,502.0,15.0,30.0,250.0,39.0,31.0,52.0,410.0,91.0,50.0,9.27,11.07,23.18,5.0,9.0,35.0,741.0,551.0,551.0,3.0,9.64,9.58,9.58,43.57,43.57,42.6,66.68,6.65,3.26,8.9,1.94,19.82,46.43,6.41,6.65,6.41,75.0,12.0,18.0,105.0,6.0,5.0,0.0,9.0,1.0,11.0,55.0,69.0,81.0,12.0,24.0,213.0,81.0,52.0,45.0,59.0,20.0,8.0,1.79,2.5,2.36,0.0,5.0,1.0,105.0,87.0,87.0,41.0,0.76,1.44,1.44,5.97,5.97,5.89
EDM,2022,EDM,EDM,Team Level,other,82,0.58,0.51,0.52,9385.0,141.87,35.52,10.0,23.21,4.47,70.57,45.21,33.93,35.52,33.93,144.0,45.0,53.0,242.0,34.0,9.0,2.0,28.0,1.0,59.0,58.0,110.0,155.0,10.0,20.0,135.0,20.0,32.0,22.0,78.0,60.0,51.0,3.04,7.58,24.9,2.0,9.0,23.0,242.0,189.0,189.0,7.0,2.85,3.22,3.63,34.74,34.74,34.11,132.2,25.65,9.57,24.36,5.24,70.19,43.0,24.08,25.65,24.08,142.0,36.0,53.0,231.0,24.0,11.0,2.0,29.0,4.0,63.0,47.0,118.0,154.0,9.0,18.0,115.0,30.0,24.0,24.0,86.0,59.0,33.0,3.24,7.1,15.31,4.0,6.0,14.0,231.0,178.0,178.0,12.0,2.79,2.94,2.94,25.49,25.49,24.17
EDM,2022,EDM,EDM,Team Level,all,82,0.56,0.52,0.52,297819.0,2719.78,311.16,194.5,595.17,87.81,1455.25,1064.11,293.42,314.2,296.43,2755.0,953.0,1192.0,4900.0,325.0,223.0,32.0,549.0,75.0,1268.0,1268.0,2430.0,3383.0,315.0,678.0,2484.0,1874.0,734.0,866.0,2457.0,931.0,320.0,76.59,114.67,119.9,98.0,127.0,100.0,4989.05,3708.0,3764.23,471.0,43.29,51.89,52.07,302.38,305.48,294.88,2530.81,243.8,172.89,586.04,83.86,1390.39,997.01,235.24,242.8,234.26,2573.0,901.0,1037.0,4511.0,256.0,211.0,40.0,595.0,70.0,1156.0,1186.0,2317.0,3218.0,310.0,669.0,2404.0,2019.0,690.0,829.0,2533.0,703.0,238.0,75.77,84.77,83.27,83.0,84.0,89.0,4464.22,3474.0,3447.09,442.0,38.5,42.13,42.18,240.13,238.95,233.65
EDM,2022,EDM,EDM,Team Level,5on5,82,0.54,0.52,0.52,239362.0,2074.91,192.77,142.46,481.82,67.7,1120.27,839.98,184.98,195.81,187.99,2092.0,753.0,961.0,3806.0,193.0,164.0,16.0,449.0,61.0,967.0,1011.0,1899.0,2652.0,278.0,604.0,1862.0,1760.0,599.0,723.0,1998.0,674.0,173.0,62.94,83.5,46.32,83.0,83.0,27.0,3895.05,2845.0,2901.23,414.0,29.6,33.29,33.06,189.31,192.41,188.11,1938.91,163.97,125.41,468.02,63.54,1053.95,786.09,159.33,162.96,158.35,1962.0,699.0,812.0,3473.0,169.0,161.0,31.0,478.0,46.0,877.0,930.0,1793.0,2492.0,273.0,592.0,1850.0,1873.0,588.0,669.0,1994.0,525.0,142.0,60.53,63.64,39.81,72.0,59.0,38.0,3426.22,2661.0,2634.09,385.0,25.92,31.3,31.56,158.32,157.15,154.8
EDM,2022,EDM,EDM,Team Level,4on5,82,0.17,0.15,0.16,25954.0,83.85,10.32,4.37,11.54,2.64,25.58,56.55,10.28,10.32,10.28,94.0,17.0,14.0,125.0,16.0,3.0,1.0,5.0,1.0,19.0,67.0,78.0,95.0,12.0,24.0,237.0,62.0,73.0,51.0,64.0,37.0,10.0,2.25,4.76,3.32,4.0,8.0,4.0,125.0,111.0,111.0,46.0,1.0,0.92,0.92,10.41,10.41,10.4,410.76,50.38,35.81,86.71,13.56,250.58,130.95,48.05,50.38,48.05,414.0,154.0,163.0,731.0,57.0,39.0,7.0,83.0,19.0,204.0,166.0,357.0,511.0,17.0,34.0,245.0,40.0,33.0,90.0,401.0,108.0,59.0,10.57,12.71,27.1,5.0,17.0,35.0,731.0,568.0,568.0,2.0,9.31,7.89,7.68,52.01,52.01,50.4
EDM,2022,EDM,EDM,Team Level,5on4,82,0.95,0.91,0.89,23118.0,419.14,72.54,37.68,78.58,13.01,238.82,122.36,64.22,72.54,64.22,425.0,138.0,164.0,727.0,82.0,47.0,13.0,67.0,12.0,223.0,132.0,343.0,481.0,15.0,30.0,250.0,32.0,30.0,70.0,317.0,160.0,86.0,8.35,18.82,45.37,9.0,27.0,46.0,727.0,563.0,563.0,4.0,9.84,14.46,14.46,67.92,67.92,62.26,48.93,3.81,2.09,6.93,1.52,15.67,36.98,3.79,3.81,3.79,55.0,12.0,9.0,76.0,6.0,0.0,0.0,5.0,1.0,12.0,43.0,49.0,61.0,11.0,25.0,194.0,76.0,45.0,46.0,52.0,11.0,4.0,1.43,1.33,1.05,2.0,2.0,2.0,76.0,67.0,67.0,43.0,0.49,0.0,0.0,4.29,4.29,4.26
CHI,2022,CHI,CHI,Team Level,other,82,0.45,0.46,0.47,8663.0,121.18,27.89,8.79,21.09,3.92,63.89,38.41,24.52,27.89,24.52,120.0,44.0,51.0,215.0,26.0,13.0,4.0,23.0,8.0,51.0,43.0,94.0,138.0,5.0,12.0,121.0,28.0,19.0,22.0,92.0,37.0,35.0,3.16,4.93,19.8,2.0,11.0,13.0,215.0,164.0,164.0,7.0,2.48,5.43,5.43,24.94,24.94,23.03,133.36,33.56,9.87,22.83,4.6,72.7,42.43,30.15,33.56,30.15,130.0,56.0,64.0,250.0,32.0,12.0,0.0,16.0,7.0,63.0,56.0,98.0,154.0,7.0,14.0,105.0,18.0,18.0,17.0,95.0,41.0,50.0,3.63,4.79,25.14,4.0,3.0,25.0,250.0,186.0,186.0,7.0,2.87,4.4,3.56,32.87,32.87,30.77
CHI,2022,CHI,CHI,Team Level,all,82,0.43,0.45,0.45,298045.0,2239.43,215.84,152.49,523.39,73.15,1209.1,889.03,206.47,214.38,205.04,2210.0,853.0,1012.0,4075.0,202.0,188.0,31.0,438.0,60.0,982.0,1193.0,2008.0,2861.0,270.0,619.0,2355.0,1972.0,689.0,794.0,2268.0,546.0,249.0,61.48,68.72,85.64,64.0,66.0,72.0,4004.77,3063.0,3026.04,440.0,33.67,41.7,41.75,207.77,206.41,200.98,2754.24,284.02,194.16,635.55,90.5,1496.98,1083.86,271.48,287.73,275.1,2758.0,1028.0,1283.0,5069.0,299.0,254.0,43.0,456.0,82.0,1309.0,1386.0,2459.0,3487.0,272.0,618.0,2114.0,1554.0,581.0,623.0,2686.0,781.0,319.0,79.03,96.01,108.97,107.0,92.0,100.0,5183.12,3786.0,3856.44,288.0,42.62,58.19,58.33,268.32,271.86,264.61
CHI,2022,CHI,CHI,Team Level,5on5,82,0.43,0.44,0.44,245804.0,1762.24,147.83,114.22,430.17,58.09,946.2,715.48,143.59,146.37,142.15,1718.0,694.0,812.0,3224.0,136.0,151.0,22.0,359.0,46.0,763.0,957.0,1582.0,2276.0,239.0,547.0,1818.0,1845.0,580.0,670.0,1815.0,441.0,156.0,49.05,55.36,43.43,53.0,47.0,36.0,3153.77,2412.0,2375.04,398.0,23.67,31.67,31.72,139.78,138.42,136.46,2228.0,199.38,151.14,535.66,73.27,1212.77,891.85,192.65,203.09,196.27,2227.0,838.0,1057.0,4122.0,208.0,201.0,36.0,379.0,69.0,1072.0,1136.0,2019.0,2857.0,239.0,546.0,1662.0,1451.0,494.0,529.0,2237.0,622.0,206.0,65.61,76.72,57.06,91.0,69.0,48.0,4236.12,3065.0,3135.44,248.0,31.34,41.99,42.13,188.6,192.12,188.67
CHI,2022,CHI,CHI,Team Level,4on5,82,0.11,0.13,0.14,21107.0,55.32,4.95,2.64,7.86,1.57,17.63,38.35,4.87,4.95,4.87,65.0,8.0,10.0,83.0,7.0,0.0,0.0,3.0,0.0,9.0,54.0,58.0,66.0,8.0,22.0,184.0,77.0,70.0,34.0,57.0,7.0,9.0,1.39,1.01,2.55,3.0,3.0,1.0,83.0,73.0,73.0,30.0,0.61,0.0,0.0,5.57,5.57,5.48,317.66,41.92,29.07,66.1,10.28,187.82,98.81,39.62,41.92,39.62,329.0,105.0,147.0,581.0,52.0,35.0,6.0,55.0,5.0,160.0,127.0,277.0,382.0,16.0,38.0,196.0,19.0,11.0,50.0,293.0,92.0,49.0,7.87,11.05,23.01,12.0,15.0,25.0,581.0,434.0,434.0,6.0,7.49,10.48,11.33,38.08,38.08,36.42
CHI,2022,CHI,CHI,Team Level,5on4,82,0.79,0.83,0.8,22471.0,300.69,35.16,26.84,64.27,9.57,181.38,96.78,33.48,35.16,33.48,307.0,107.0,139.0,553.0,33.0,24.0,5.0,53.0,6.0,159.0,139.0,274.0,381.0,18.0,38.0,232.0,22.0,20.0,68.0,304.0,61.0,49.0,7.88,7.42,19.85,6.0,5.0,22.0,553.0,414.0,414.0,5.0,6.92,4.6,4.6,37.48,37.48,35.99,75.22,9.16,4.08,10.96,2.35,23.69,50.78,9.06,9.16,9.06,72.0,29.0,15.0,116.0,7.0,6.0,1.0,6.0,1.0,14.0,67.0,65.0,94.0,10.0,20.0,151.0,66.0,58.0,27.0,61.0,26.0,14.0,1.92,3.46,3.77,0.0,5.0,2.0,116.0,101.0,101.0,27.0,0.93,1.32,1.32,8.77,8.77,8.75
ANA,2022,ANA,ANA,Team Level,other,82,0.42,0.44,0.43,9108.0,120.37,23.16,8.8,21.77,4.0,63.94,42.33,21.61,23.16,21.61,126.0,38.0,48.0,212.0,27.0,12.0,4.0,17.0,2.0,57.0,49.0,99.0,137.0,9.0,18.0,120.0,17.0,26.0,21.0,91.0,41.0,32.0,3.34,5.01,14.82,3.0,9.0,15.0,212.0,164.0,164.0,8.0,2.51,4.11,4.66,21.01,21.01,20.15,159.34,31.97,11.73,27.94,5.22,84.14,55.99,29.3,31.97,29.3,154.0,63.0,57.0,274.0,32.0,12.0,2.0,23.0,5.0,81.0,64.0,122.0,185.0,11.0,22.0,109.0,20.0,25.0,23.0,115.0,64.0,38.0,4.52,8.95,18.5,7.0,7.0,18.0,274.0,217.0,217.0,8.0,3.37,3.7,3.45,31.88,31.88,29.73
ANA,2022,ANA,ANA,Team Level,all,82,0.4,0.43,0.42,299138.0,2322.49,210.44,158.49,538.31,76.44,1255.07,945.26,200.55,208.19,198.39,2326.0,858.0,1050.0,4234.0,206.0,229.0,33.0,459.0,54.0,1044.0,1193.0,2120.0,2978.0,339.0,759.0,2220.0,1284.0,457.0,656.0,2342.0,648.0,194.0,66.25,79.02,65.16,71.0,75.0,60.0,4135.42,3184.0,3127.89,357.0,34.94,46.02,46.06,199.33,197.07,192.22,3146.67,320.76,225.16,714.33,104.37,1752.87,1246.5,304.99,326.35,310.33,3208.0,1156.0,1201.0,5565.0,335.0,334.0,32.0,615.0,100.0,1434.0,1546.0,2873.0,4029.0,292.0,669.0,2530.0,1430.0,553.0,707.0,3105.0,929.0,330.0,93.9,115.13,111.74,111.0,126.0,98.0,5736.13,4364.0,4473.82,314.0,49.81,67.03,67.07,303.5,308.56,299.43
ANA,2022,ANA,ANA,Team Level,5on5,82,0.4,0.43,0.42,243565.0,1800.71,147.26,115.63,434.05,59.02,962.39,746.66,141.7,145.01,139.55,1802.0,663.0,836.0,3301.0,144.0,176.0,24.0,378.0,46.0,776.0,946.0,1658.0,2321.0,298.0,672.0,1690.0,1214.0,379.0,555.0,1852.0,488.0,125.0,52.18,60.27,34.82,62.0,55.0,27.0,3202.42,2465.0,2408.89,314.0,23.91,33.14,32.97,138.2,135.94,133.76,2472.21,221.12,170.21,585.3,82.33,1379.68,1008.36,211.99,226.71,217.33,2540.0,907.0,989.0,4436.0,224.0,265.0,24.0,500.0,83.0,1110.0,1265.0,2316.0,3223.0,257.0,598.0,1979.0,1340.0,466.0,603.0,2531.0,709.0,207.0,77.25,87.47,56.4,90.0,98.0,36.0,4607.13,3447.0,3556.82,280.0,35.17,52.29,52.59,203.68,208.75,204.39
ANA,2022,ANA,ANA,Team Level,4on5,82,0.07,0.11,0.12,24455.0,60.15,4.38,2.72,8.92,1.87,19.25,43.85,4.32,4.38,4.32,67.0,14.0,10.0,91.0,0.0,0.0,0.0,4.0,2.0,15.0,60.0,67.0,81.0,14.0,33.0,207.0,36.0,39.0,30.0,62.0,15.0,4.0,1.58,1.82,0.98,0.0,0.0,0.0,91.0,81.0,81.0,28.0,0.63,0.0,0.0,5.01,5.01,4.94,453.99,60.7,40.09,92.88,15.0,270.48,140.85,56.79,60.7,56.79,448.0,172.0,146.0,766.0,73.0,54.0,6.0,89.0,12.0,225.0,167.0,375.0,547.0,16.0,33.0,262.0,17.0,17.0,50.0,410.0,135.0,75.0,10.75,15.96,33.99,13.0,18.0,42.0,766.0,620.0,620.0,0.0,10.55,10.64,10.63,60.62,60.62,58.01
ANA,2022,ANA,ANA,Team Level,5on4,82,0.84,0.88,0.86,22010.0,341.26,35.64,31.34,73.58,11.55,209.48,112.41,32.92,35.64,32.92,331.0,143.0,156.0,630.0,35.0,41.0,5.0,60.0,4.0,196.0,138.0,296.0,439.0,18.0,36.0,203.0,17.0,13.0,50.0,337.0,104.0,33.0,9.16,11.92,14.55,6.0,11.0,18.0,630.0,474.0,474.0,7.0,7.9,8.77,8.42,35.12,35.12,33.37,61.12,6.98,3.13,8.21,1.81,18.57,41.31,6.91,6.98,6.91,66.0,14.0,9.0,89.0,6.0,3.0,0.0,3.0,0.0,18.0,50.0,60.0,74.0,8.0,16.0,180.0,53.0,45.0,31.0,49.0,21.0,10.0,1.37,2.75,2.85,1.0,3.0,2.0,89.0,80.0,80.0,26.0,0.72,0.39,0.39,7.3,7.3,7.29
PIT,2022,PIT,PIT,Team Level,other,82,0.53,0.52,0.52,9247.0,145.11,37.14,11.3,25.37,5.16,78.16,43.87,33.9,37.14,33.9,146.0,55.0,58.0,259.0,36.0,17.0,4.0,17.0,6.0,80.0,45.0,110.0,165.0,7.0,17.0,111.0,46.0,17.0,25.0,98.0,52.0,51.0,4.15,6.32,26.67,5.0,10.0,21.0,259.0,201.0,201.0,10.0,3.42,5.39,5.39,35.17,35.17,33.53,137.14,33.58,9.77,22.92,4.21,72.3,44.22,31.67,33.58,31.67,130.0,57.0,52.0,239.0,35.0,9.0,2.0,18.0,0.0,66.0,59.0,95.0,152.0,11.0,25.0,107.0,31.0,25.0,19.0,79.0,63.0,45.0,2.96,7.87,22.75,2.0,11.0,22.0,239.0,187.0,187.0,5.0,2.88,2.52,2.52,33.95,33.95,32.24
PIT,2022,PIT,PIT,Team Level,all,82,0.53,0.52,0.52,297973.0,2814.92,299.98,205.34,649.75,95.78,1538.31,1101.92,283.46,301.04,284.46,2818.0,1074.0,1314.0,5206.0,261.0,316.0,40.0,535.0,86.0,1302.0,1392.0,2557.0,3631.0,291.0,607.0,2472.0,2308.0,676.0,803.0,2687.0,864.0,341.0,78.11,107.31,114.56,76.0,100.0,85.0,5226.3,3892.0,3907.48,384.0,45.68,67.46,67.46,278.13,278.83,270.52,2632.23,267.48,186.76,603.19,86.96,1438.81,1052.8,256.74,268.2,257.46,2687.0,949.0,1222.0,4858.0,263.0,236.0,35.0,483.0,61.0,1239.0,1354.0,2424.0,3373.0,313.0,658.0,2276.0,2121.0,669.0,688.0,2599.0,772.0,265.0,76.61,95.03,95.84,72.0,104.0,87.0,4861.15,3636.0,3637.6,325.0,41.48,51.6,51.75,257.21,257.73,251.53
PIT,2022,PIT,PIT,Team Level,5on5,82,0.53,0.52,0.52,237670.0,2214.24,204.07,152.24,535.02,75.0,1202.88,892.86,195.51,205.13,196.52,2208.0,855.0,1053.0,4116.0,168.0,241.0,23.0,443.0,66.0,1017.0,1128.0,2040.0,2895.0,255.0,532.0,1899.0,2105.0,559.0,665.0,2185.0,665.0,213.0,63.26,82.82,58.0,64.0,69.0,35.0,4136.3,3063.0,3078.48,342.0,31.68,48.6,48.8,186.88,187.58,183.73,2027.17,178.71,136.88,486.89,67.59,1106.85,827.08,172.77,179.44,173.48,2057.0,747.0,975.0,3779.0,173.0,178.0,27.0,374.0,46.0,959.0,1074.0,1884.0,2631.0,266.0,561.0,1733.0,1982.0,551.0,569.0,2059.0,588.0,157.0,61.5,72.0,45.22,62.0,76.0,35.0,3782.15,2804.0,2805.6,292.0,28.36,37.01,37.16,169.93,170.44,167.79
PIT,2022,PIT,PIT,Team Level,4on5,82,0.14,0.12,0.13,24568.0,61.57,7.14,3.49,8.27,1.96,19.8,41.33,6.99,7.14,6.99,71.0,11.0,12.0,94.0,5.0,2.0,1.0,5.0,3.0,12.0,55.0,66.0,77.0,10.0,20.0,201.0,109.0,63.0,25.0,54.0,14.0,14.0,1.18,2.0,3.96,0.0,4.0,1.0,94.0,82.0,82.0,23.0,0.8,0.74,0.74,7.19,7.19,7.16,376.74,44.1,35.03,80.89,12.36,232.07,121.56,41.74,44.1,41.74,403.0,123.0,181.0,707.0,50.0,39.0,6.0,82.0,12.0,196.0,147.0,353.0,476.0,25.0,50.0,248.0,30.0,21.0,71.0,385.0,95.0,46.0,9.45,11.57,23.08,8.0,15.0,27.0,707.0,526.0,526.0,5.0,9.06,9.62,9.62,43.54,43.54,41.84
PIT,2022,PIT,PIT,Team Level,5on4,82,0.82,0.85,0.82,26488.0,394.01,51.63,38.3,81.09,13.66,237.46,123.86,47.05,51.63,47.05,393.0,153.0,191.0,737.0,52.0,56.0,12.0,70.0,11.0,193.0,164.0,341.0,494.0,19.0,38.0,261.0,48.0,37.0,88.0,350.0,133.0,63.0,9.52,16.17,25.93,7.0,17.0,28.0,737.0,546.0,546.0,9.0,9.78,12.73,12.53,48.89,48.89,46.1,91.17,11.08,5.09,12.48,2.81,27.59,59.95,10.56,11.08,10.56,97.0,22.0,14.0,133.0,5.0,10.0,0.0,9.0,3.0,18.0,74.0,92.0,114.0,11.0,22.0,188.0,78.0,72.0,29.0,76.0,26.0,17.0,2.7,3.6,4.78,0.0,2.0,3.0,133.0,119.0,119.0,23.0,1.17,2.45,2.45,9.79,9.79,9.65
WSH,2022,WSH,WSH,Team Level,other,82,0.49,0.52,0.53,11454.0,170.74,36.34,11.32,30.68,5.5,87.79,58.37,33.18,36.34,33.18,162.0,68.0,71.0,301.0,35.0,12.0,3.0,23.0,6.0,86.0,68.0,127.0,195.0,10.0,20.0,120.0,35.0,18.0,27.0,121.0,61.0,48.0,4.53,7.54,24.26,6.0,9.0,20.0,301.0,230.0,230.0,11.0,3.21,4.75,4.75,34.8,34.8,32.79,144.64,38.22,9.22,24.35,4.66,71.56,53.06,35.62,38.22,35.62,144.0,58.0,78.0,280.0,35.0,9.0,3.0,18.0,3.0,73.0,64.0,109.0,167.0,12.0,24.0,136.0,23.0,18.0,36.0,105.0,43.0,54.0,3.9,5.32,29.0,1.0,4.0,30.0,280.0,202.0,202.0,17.0,2.6,2.72,2.55,38.21,38.21,36.39
WSH,2022,WSH,WSH,Team Level,all,82,0.49,0.5,0.5,298637.0,2608.51,259.16,178.13,608.72,87.09,1407.65,1038.26,245.31,259.25,245.51,2549.0,1030.0,1282.0,4861.0,253.0,261.0,36.0,531.0,73.0,1173.0,1289.0,2296.0,3326.0,286.0,655.0,2320.0,2015.0,590.0,781.0,2558.0,747.0,274.0,74.34,90.62,94.19,78.0,90.0,85.0,4849.07,3579.0,3573.36,404.0,39.43,53.25,53.7,244.89,245.13,237.8,2604.21,267.89,178.27,601.97,86.31,1428.77,1047.85,255.87,268.84,256.81,2549.0,1063.0,1274.0,4886.0,261.0,213.0,41.0,578.0,65.0,1155.0,1340.0,2288.0,3351.0,304.0,682.0,2363.0,1845.0,637.0,714.0,2562.0,781.0,269.0,76.52,95.21,96.16,84.0,84.0,93.0,4913.48,3612.0,3630.74,373.0,39.09,47.77,47.77,259.15,260.1,253.23
WSH,2022,WSH,WSH,Team Level,5on5,82,0.5,0.5,0.5,242828.0,2049.23,178.48,133.69,497.35,68.12,1098.71,833.64,171.05,178.58,171.25,2010.0,800.0,1031.0,3841.0,174.0,205.0,27.0,445.0,58.0,886.0,1043.0,1836.0,2636.0,260.0,603.0,1834.0,1887.0,510.0,663.0,2044.0,593.0,173.0,59.57,72.18,46.73,65.0,71.0,38.0,3829.07,2810.0,2804.36,368.0,27.73,40.47,41.18,165.02,165.27,162.27,2063.79,180.16,135.58,499.81,68.55,1133.42,843.47,174.51,181.12,175.45,2004.0,857.0,1012.0,3873.0,182.0,164.0,26.0,483.0,52.0,884.0,1096.0,1822.0,2679.0,266.0,608.0,1803.0,1743.0,549.0,583.0,2099.0,605.0,157.0,62.94,73.93,43.3,76.0,70.0,36.0,3900.48,2861.0,2879.74,318.0,28.01,33.58,33.75,174.42,175.37,172.53
WSH,2022,WSH,WSH,Team Level,4on5,82,0.12,0.13,0.15,21303.0,57.78,5.78,2.97,8.47,2.08,19.31,41.38,5.49,5.78,5.49,67.0,13.0,18.0,98.0,2.0,7.0,0.0,8.0,0.0,11.0,52.0,65.0,78.0,7.0,14.0,165.0,56.0,34.0,29.0,57.0,16.0,7.0,1.64,2.07,2.08,1.0,1.0,0.0,98.0,80.0,80.0,19.0,0.68,1.59,1.59,4.87,4.87,4.82,332.93,43.8,30.42,69.56,11.29,204.01,106.93,40.05,43.8,40.05,330.0,136.0,174.0,640.0,37.0,40.0,12.0,71.0,9.0,179.0,130.0,293.0,429.0,21.0,40.0,215.0,21.0,17.0,62.0,299.0,115.0,52.0,7.98,13.56,22.26,6.0,6.0,25.0,640.0,466.0,466.0,10.0,7.77,11.47,11.47,40.1,40.1,37.91
WSH,2022,WSH,WSH,Team Level,5on4,82,0.87,0.87,0.85,23052.0,330.77,38.56,30.14,72.21,11.39,201.85,104.86,35.59,38.56,35.59,310.0,149.0,162.0,621.0,42.0,37.0,6.0,55.0,9.0,190.0,126.0,268.0,417.0,9.0,18.0,201.0,37.0,28.0,62.0,336.0,77.0,46.0,8.61,8.83,21.12,6.0,9.0,27.0,621.0,459.0,459.0,6.0,7.81,6.43,6.17,40.19,40.19,37.91,62.85,5.72,3.04,8.27,1.8,19.78,44.39,5.7,5.72,5.7,71.0,12.0,10.0,93.0,7.0,0.0,0.0,6.0,1.0,19.0,50.0,64.0,76.0,5.0,10.0,209.0,58.0,53.0,33.0,59.0,18.0,6.0,1.7,2.41,1.61,1.0,4.0,2.0,93.0,83.0,83.0,28.0,0.7,0.0,0.0,6.42,6.42,6.4
BOS,2022,BOS,BOS,Team Level,other,82,0.53,0.45,0.44,13059.0,158.95,38.12,11.8,26.47,5.26,81.04,53.3,36.36,38.12,36.36,156.0,60.0,68.0,284.0,39.0,13.0,4.0,23.0,5.0,66.0,70.0,117.0,177.0,14.0,28.0,167.0,43.0,26.0,32.0,89.0,75.0,52.0,3.96,9.41,24.75,10.0,6.0,23.0,284.0,216.0,216.0,13.0,3.47,3.65,3.65,37.94,37.94,36.7,196.37,34.14,15.39,37.01,6.86,114.04,64.55,29.86,34.14,29.86,188.0,84.0,80.0,352.0,19.0,23.0,4.0,39.0,9.0,100.0,82.0,169.0,253.0,14.0,28.0,146.0,40.0,34.0,25.0,152.0,78.0,42.0,5.81,9.56,18.78,1.0,8.0,10.0,352.0,272.0,272.0,7.0,4.6,7.02,7.02,31.73,31.73,29.48
BOS,2022,BOS,BOS,Team Level,all,82,0.54,0.51,0.52,298965.0,2692.42,285.26,192.3,606.41,88.02,1434.61,1046.47,274.91,288.43,278.04,2704.0,950.0,1180.0,4834.0,301.0,230.0,45.0,598.0,92.0,1090.0,1343.0,2403.0,3353.0,346.0,787.0,2557.0,1925.0,564.0,775.0,2498.0,869.0,287.0,77.44,109.8,98.01,109.0,103.0,89.0,4941.5,3654.0,3725.53,321.0,42.95,50.36,50.46,277.75,281.0,274.69,2491.48,241.94,176.46,572.67,82.16,1361.39,985.43,230.19,239.24,227.65,2447.0,974.0,1146.0,4567.0,174.0,230.0,21.0,599.0,87.0,1067.0,1264.0,2273.0,3247.0,341.0,774.0,2136.0,2097.0,758.0,845.0,2449.0,713.0,259.0,69.4,87.72,84.82,48.0,66.0,60.0,4477.88,3421.0,3367.07,412.0,39.63,49.47,49.62,231.89,229.66,223.7
BOS,2022,BOS,BOS,Team Level,5on5,82,0.54,0.51,0.52,234630.0,2058.27,188.6,140.48,485.41,66.86,1096.71,813.02,182.83,191.77,185.96,2058.0,734.0,901.0,3693.0,200.0,176.0,31.0,486.0,76.0,806.0,1048.0,1858.0,2592.0,290.0,673.0,1866.0,1748.0,452.0,619.0,1983.0,642.0,167.0,61.46,81.06,46.08,91.0,76.0,33.0,3800.5,2792.0,2863.53,273.0,29.21,36.59,36.69,181.13,184.4,181.64,1892.46,162.14,126.22,456.22,62.38,1023.25,766.87,156.22,159.44,153.68,1861.0,737.0,921.0,3519.0,114.0,176.0,13.0,477.0,69.0,778.0,984.0,1747.0,2484.0,297.0,684.0,1592.0,1911.0,637.0,697.0,1919.0,513.0,166.0,54.05,63.04,45.05,41.0,46.0,27.0,3429.88,2598.0,2544.07,362.0,26.16,35.5,35.65,152.58,150.35,147.8
BOS,2022,BOS,BOS,Team Level,4on5,82,0.19,0.19,0.2,26675.0,84.99,8.74,4.53,11.9,2.55,27.27,59.01,8.59,8.74,8.59,96.0,18.0,28.0,142.0,6.0,5.0,0.0,9.0,0.0,22.0,72.0,90.0,108.0,17.0,36.0,238.0,101.0,70.0,34.0,76.0,28.0,10.0,2.48,3.75,2.51,2.0,3.0,1.0,142.0,114.0,114.0,28.0,1.04,0.79,0.79,8.99,8.99,8.87,331.36,38.12,30.93,70.0,10.74,201.83,105.4,36.73,38.12,36.73,317.0,140.0,132.0,589.0,34.0,30.0,4.0,75.0,9.0,178.0,131.0,283.0,423.0,20.0,40.0,220.0,46.0,23.0,89.0,321.0,97.0,39.0,8.1,12.15,17.87,5.0,10.0,19.0,589.0,457.0,457.0,10.0,7.98,6.67,6.67,39.42,39.42,38.39
BOS,2022,BOS,BOS,Team Level,5on4,82,0.87,0.87,0.85,24601.0,390.2,49.8,35.48,82.63,13.35,229.58,121.14,47.13,49.8,47.13,394.0,138.0,183.0,715.0,56.0,36.0,10.0,80.0,11.0,196.0,153.0,338.0,476.0,25.0,50.0,286.0,33.0,16.0,90.0,350.0,124.0,58.0,9.53,15.59,24.68,6.0,18.0,32.0,715.0,532.0,532.0,7.0,9.22,9.34,9.34,49.69,49.69,47.48,71.29,7.54,3.92,9.44,2.19,22.28,48.62,7.38,7.54,7.38,81.0,13.0,13.0,107.0,7.0,1.0,0.0,8.0,0.0,11.0,67.0,74.0,87.0,10.0,22.0,178.0,100.0,64.0,34.0,57.0,25.0,12.0,1.45,2.97,3.13,1.0,2.0,4.0,107.0,94.0,94.0,33.0,0.89,0.27,0.27,8.16,8.16,8.02
FLA,2022,FLA,FLA,Team Level,other,82,0.47,0.53,0.53,13212.0,191.94,43.63,15.22,33.97,6.53,105.05,56.6,38.6,43.63,38.6,191.0,70.0,96.0,357.0,34.0,31.0,8.0,35.0,6.0,90.0,65.0,157.0,227.0,14.0,31.0,162.0,38.0,26.0,33.0,136.0,62.0,63.0,5.47,7.76,30.4,3.0,5.0,26.0,357.0,261.0,261.0,11.0,4.65,11.92,11.33,36.96,36.96,34.65,173.81,48.99,12.36,29.79,5.96,85.49,51.4,46.42,48.99,46.42,175.0,59.0,86.0,320.0,47.0,23.0,4.0,33.0,6.0,69.0,56.0,128.0,187.0,8.0,19.0,147.0,35.0,22.0,30.0,105.0,56.0,73.0,3.83,7.52,37.63,6.0,9.0,32.0,320.0,234.0,234.0,9.0,3.76,7.81,7.81,44.94,44.94,43.3
FLA,2022,FLA,FLA,Team Level,all,82,0.53,0.54,0.54,297609.0,2999.04,314.97,216.43,688.92,100.4,1636.98,1169.3,297.0,316.79,298.71,3021.0,1106.0,1354.0,5481.0,288.0,311.0,58.0,625.0,79.0,1373.0,1451.0,2733.0,3839.0,361.0,794.0,2437.0,1755.0,562.0,728.0,2968.0,803.0,356.0,86.26,100.78,127.93,97.0,91.0,100.0,5521.11,4127.0,4154.03,341.0,48.88,76.23,76.78,287.07,288.49,279.86,2597.56,283.45,184.03,608.46,87.93,1402.19,1006.94,268.58,283.51,268.75,2604.0,969.0,1064.0,4637.0,272.0,262.0,39.0,546.0,104.0,1108.0,1281.0,2332.0,3301.0,345.0,764.0,2546.0,1720.0,523.0,766.0,2519.0,730.0,324.0,70.77,91.21,121.47,93.0,81.0,98.0,4624.83,3573.0,3570.34,385.0,41.63,55.98,56.06,269.03,269.32,259.42
FLA,2022,FLA,FLA,Team Level,5on5,82,0.54,0.54,0.53,231424.0,2242.22,200.33,151.56,542.11,74.59,1223.39,902.02,192.28,202.14,193.98,2258.0,836.0,1055.0,4149.0,191.0,214.0,32.0,488.0,54.0,1023.0,1124.0,2067.0,2903.0,318.0,697.0,1785.0,1596.0,465.0,580.0,2272.0,623.0,199.0,66.09,78.29,55.94,81.0,72.0,38.0,4189.11,3094.0,3121.03,276.0,31.43,46.11,46.56,185.19,186.62,183.43,1957.98,173.16,132.65,481.04,66.22,1063.26,781.67,166.35,173.23,166.53,1940.0,758.0,792.0,3490.0,160.0,185.0,25.0,431.0,75.0,845.0,1002.0,1780.0,2538.0,315.0,698.0,1895.0,1582.0,429.0,632.0,1976.0,556.0,166.0,56.3,69.39,47.48,72.0,58.0,30.0,3477.83,2698.0,2695.34,339.0,27.52,39.44,39.52,161.17,161.45,158.68
FLA,2022,FLA,FLA,Team Level,4on5,82,0.12,0.17,0.18,26365.0,88.59,7.36,4.2,12.65,2.64,28.36,63.79,6.99,7.36,6.99,95.0,24.0,24.0,143.0,4.0,2.0,1.0,12.0,2.0,23.0,76.0,91.0,115.0,12.0,34.0,220.0,89.0,54.0,45.0,92.0,19.0,8.0,2.7,2.24,2.42,2.0,0.0,2.0,143.0,119.0,119.0,44.0,0.96,0.58,0.58,7.75,7.75,7.5,392.95,54.04,35.15,86.52,13.23,228.55,122.51,48.7,54.04,48.7,410.0,130.0,167.0,707.0,58.0,47.0,9.0,78.0,21.0,169.0,167.0,352.0,482.0,13.0,29.0,275.0,24.0,19.0,72.0,363.0,99.0,78.0,8.5,11.76,33.78,13.0,11.0,34.0,707.0,540.0,540.0,8.0,9.48,7.26,7.26,56.25,56.25,50.87
FLA,2022,FLA,FLA,Team Level,5on4,82,0.9,0.87,0.87,26608.0,476.28,63.66,45.46,100.18,16.63,280.18,146.89,59.13,63.66,59.13,477.0,176.0,179.0,832.0,59.0,64.0,17.0,90.0,17.0,237.0,186.0,418.0,594.0,17.0,32.0,270.0,32.0,17.0,70.0,468.0,99.0,86.0,11.99,12.49,39.17,11.0,14.0,34.0,832.0,653.0,653.0,10.0,11.83,17.62,18.32,57.17,57.17,54.29,72.81,7.25,3.87,11.09,2.52,24.89,51.37,7.1,7.25,7.1,79.0,22.0,19.0,120.0,7.0,7.0,1.0,4.0,2.0,25.0,56.0,72.0,94.0,9.0,18.0,229.0,79.0,53.0,32.0,75.0,19.0,7.0,2.14,2.54,2.57,2.0,3.0,2.0,120.0,101.0,101.0,29.0,0.88,1.47,1.47,6.67,6.67,6.57
NSH,2022,NSH,NSH,Team Level,other,82,0.51,0.53,0.55,11154.0,189.22,38.8,14.39,33.62,6.18,105.62,64.39,34.45,38.8,34.45,185.0,78.0,69.0,332.0,33.0,18.0,4.0,37.0,9.0,82.0,84.0,152.0,230.0,4.0,11.0,142.0,40.0,23.0,22.0,143.0,72.0,48.0,6.35,8.63,23.82,8.0,7.0,18.0,332.0,263.0,263.0,8.0,4.19,7.07,7.07,35.92,35.92,33.02,154.03,37.75,10.58,24.97,5.18,80.47,52.05,32.71,37.75,32.71,143.0,68.0,82.0,293.0,33.0,9.0,3.0,15.0,10.0,76.0,68.0,110.0,178.0,8.0,16.0,118.0,39.0,25.0,22.0,95.0,69.0,47.0,4.09,8.48,25.18,7.0,9.0,17.0,293.0,211.0,211.0,8.0,3.08,2.98,2.98,37.86,37.86,34.03
NSH,2022,NSH,NSH,Team Level,all,82,0.47,0.48,0.47,299421.0,2482.67,266.93,181.99,559.3,82.84,1384.12,972.83,251.68,267.86,252.56,2419.0,1029.0,1223.0,4671.0,223.0,247.0,44.0,534.0,82.0,1123.0,1240.0,2196.0,3225.0,316.0,739.0,2346.0,2242.0,575.0,687.0,2395.0,767.0,286.0,76.07,94.37,96.48,73.0,65.0,85.0,4688.4,3448.0,3463.69,378.0,40.66,56.8,56.8,250.79,251.55,243.18,2780.87,297.54,199.53,620.2,92.89,1534.88,1091.96,281.87,298.73,283.01,2729.0,1108.0,1322.0,5159.0,236.0,268.0,28.0,590.0,76.0,1221.0,1446.0,2493.0,3601.0,297.0,684.0,2146.0,1939.0,634.0,726.0,2653.0,870.0,314.0,82.41,106.34,108.78,64.0,96.0,76.0,5163.76,3837.0,3835.92,398.0,44.23,56.75,56.75,285.03,285.73,276.18
NSH,2022,NSH,NSH,Team Level,5on5,82,0.48,0.47,0.47,237891.0,1887.84,181.59,131.29,446.36,62.87,1040.68,751.22,173.28,182.53,174.17,1840.0,774.0,980.0,3594.0,146.0,196.0,36.0,425.0,63.0,845.0,940.0,1694.0,2468.0,287.0,678.0,1793.0,2100.0,471.0,566.0,1867.0,563.0,184.0,59.35,69.71,52.53,56.0,46.0,44.0,3611.4,2614.0,2629.69,337.0,27.32,43.78,44.52,164.4,165.17,161.94,2134.71,199.01,145.96,500.43,70.87,1177.75,857.99,191.77,200.2,192.9,2086.0,866.0,1033.0,3985.0,153.0,200.0,18.0,486.0,48.0,916.0,1149.0,1933.0,2799.0,272.0,634.0,1585.0,1803.0,527.0,575.0,2102.0,660.0,190.0,66.13,80.84,52.04,51.0,68.0,34.0,3989.76,2952.0,2950.92,344.0,30.24,40.52,40.62,188.62,189.32,185.72
NSH,2022,NSH,NSH,Team Level,4on5,82,0.13,0.11,0.13,26534.0,64.21,7.46,3.81,9.4,2.06,20.39,42.88,7.23,7.46,7.23,63.0,23.0,12.0,98.0,6.0,4.0,0.0,8.0,1.0,16.0,51.0,57.0,80.0,8.0,16.0,211.0,77.0,64.0,33.0,56.0,20.0,10.0,1.94,2.51,3.0,2.0,3.0,1.0,98.0,86.0,86.0,30.0,0.87,0.79,0.79,7.53,7.53,7.4,411.81,51.89,38.57,83.93,14.39,251.69,128.54,48.72,51.89,48.72,407.0,162.0,193.0,762.0,44.0,55.0,7.0,82.0,17.0,210.0,161.0,363.0,525.0,11.0,22.0,250.0,32.0,19.0,88.0,391.0,112.0,66.0,10.03,13.53,28.33,4.0,16.0,24.0,762.0,569.0,569.0,9.0,9.9,12.52,12.42,49.36,49.36,47.32
NSH,2022,NSH,NSH,Team Level,5on4,82,0.81,0.84,0.82,23842.0,341.42,39.08,32.49,69.91,11.74,217.44,114.34,36.71,39.08,36.71,331.0,154.0,162.0,647.0,38.0,29.0,4.0,64.0,9.0,180.0,165.0,293.0,447.0,17.0,34.0,200.0,25.0,17.0,66.0,329.0,112.0,44.0,8.43,13.53,17.13,7.0,9.0,22.0,647.0,485.0,485.0,3.0,8.28,5.17,4.43,42.94,42.94,40.82,80.33,8.9,4.41,10.86,2.46,24.99,53.38,8.68,8.9,8.68,93.0,12.0,14.0,119.0,6.0,4.0,0.0,7.0,1.0,19.0,68.0,87.0,99.0,6.0,12.0,193.0,65.0,63.0,41.0,65.0,29.0,11.0,2.16,3.5,3.24,2.0,3.0,1.0,119.0,105.0,105.0,37.0,1.0,0.72,0.72,9.19,9.19,9.11
NJD,2022,NJD,NJD,Team Level,other,82,0.64,0.56,0.58,9369.0,168.95,43.81,11.43,27.68,5.49,86.85,56.73,40.37,43.81,40.37,171.0,61.0,64.0,296.0,43.0,14.0,5.0,20.0,7.0,78.0,70.0,128.0,189.0,6.0,12.0,118.0,28.0,26.0,16.0,95.0,76.0,61.0,3.93,9.2,30.69,6.0,12.0,25.0,296.0,232.0,232.0,4.0,3.28,4.11,4.11,42.98,42.98,40.93,121.45,25.02,8.92,21.86,4.02,65.6,39.58,23.77,25.02,23.77,114.0,51.0,67.0,232.0,23.0,13.0,2.0,10.0,2.0,70.0,47.0,91.0,142.0,10.0,20.0,98.0,41.0,21.0,21.0,82.0,47.0,36.0,3.34,5.41,16.27,4.0,4.0,15.0,232.0,165.0,165.0,6.0,2.65,2.9,2.9,24.77,24.77,23.93
NJD,2022,NJD,NJD,Team Level,all,82,0.56,0.54,0.54,299270.0,2856.88,302.09,192.02,660.95,95.34,1528.78,1118.89,284.86,304.12,286.89,2822.0,1077.0,1376.0,5275.0,289.0,289.0,39.0,488.0,80.0,1419.0,1334.0,2533.0,3610.0,260.0,560.0,2418.0,1366.0,619.0,768.0,2713.0,871.0,315.0,83.09,109.35,109.65,93.0,110.0,86.0,5338.28,3899.0,3941.52,371.0,42.29,62.13,62.19,282.19,284.16,275.79,2401.55,232.59,162.73,561.97,81.52,1320.64,972.55,223.85,232.56,223.83,2315.0,1017.0,1220.0,4552.0,222.0,226.0,35.0,380.0,58.0,1199.0,1247.0,2093.0,3110.0,255.0,562.0,2299.0,1829.0,565.0,715.0,2381.0,719.0,232.0,69.2,87.15,76.24,61.0,86.0,75.0,4527.54,3332.0,3324.63,362.0,35.83,44.98,45.07,223.35,222.98,218.29
NJD,2022,NJD,NJD,Team Level,5on5,82,0.56,0.54,0.54,246821.0,2311.81,209.18,149.3,561.06,77.06,1232.76,921.72,199.75,211.21,201.77,2269.0,883.0,1145.0,4297.0,197.0,233.0,26.0,412.0,65.0,1130.0,1115.0,2072.0,2955.0,236.0,514.0,1878.0,1275.0,503.0,652.0,2289.0,665.0,198.0,70.53,83.72,54.93,81.0,83.0,33.0,4360.28,3152.0,3194.52,340.0,31.0,47.38,47.44,192.73,194.7,190.47,1907.76,164.22,122.78,467.49,65.33,1046.96,789.23,159.11,164.18,159.09,1842.0,814.0,990.0,3646.0,155.0,177.0,29.0,327.0,49.0,930.0,1018.0,1687.0,2501.0,220.0,492.0,1857.0,1697.0,476.0,624.0,1946.0,570.0,140.0,56.37,69.24,38.6,52.0,65.0,38.0,3621.54,2656.0,2648.63,335.0,25.38,34.51,34.65,154.95,154.58,152.44
NJD,2022,NJD,NJD,Team Level,4on5,82,0.13,0.13,0.15,22519.0,56.89,5.77,2.77,8.21,1.86,17.95,39.45,5.7,5.77,5.7,61.0,15.0,13.0,89.0,9.0,3.0,1.0,4.0,0.0,16.0,44.0,52.0,67.0,6.0,12.0,208.0,42.0,80.0,24.0,52.0,17.0,7.0,1.54,2.25,1.97,2.0,3.0,4.0,89.0,76.0,76.0,23.0,0.64,0.65,0.65,5.76,5.76,5.74,307.03,37.52,28.05,63.1,10.15,187.58,98.6,35.17,37.52,35.17,297.0,128.0,149.0,574.0,37.0,36.0,4.0,37.0,7.0,181.0,127.0,260.0,388.0,18.0,36.0,187.0,25.0,17.0,49.0,290.0,87.0,48.0,7.71,10.58,19.22,4.0,13.0,20.0,574.0,425.0,425.0,3.0,7.11,7.58,7.52,37.11,37.11,35.44
NJD,2022,NJD,NJD,Team Level,5on4,82,0.88,0.86,0.84,20561.0,319.21,43.34,28.52,64.01,10.93,191.22,100.99,39.04,43.34,39.04,321.0,118.0,154.0,593.0,40.0,39.0,7.0,52.0,8.0,195.0,105.0,281.0,399.0,12.0,22.0,214.0,21.0,10.0,76.0,277.0,113.0,49.0,7.09,14.18,22.07,4.0,12.0,24.0,593.0,439.0,439.0,4.0,7.37,9.99,9.99,40.72,40.72,38.64,65.31,5.83,2.98,9.53,2.01,20.5,45.14,5.81,5.83,5.81,62.0,24.0,14.0,100.0,7.0,0.0,0.0,6.0,0.0,18.0,55.0,55.0,79.0,7.0,14.0,157.0,66.0,51.0,21.0,63.0,15.0,8.0,1.77,1.91,2.15,1.0,4.0,2.0,100.0,86.0,86.0,18.0,0.68,0.0,0.0,6.52,6.52,6.49
BUF,2022,BUF,BUF,Team Level,other,82,0.5,0.47,0.45,9150.0,134.86,36.82,9.14,23.41,4.59,64.85,46.2,34.18,36.82,34.18,134.0,51.0,59.0,244.0,33.0,13.0,1.0,19.0,10.0,55.0,55.0,101.0,152.0,8.0,16.0,111.0,21.0,27.0,17.0,84.0,47.0,54.0,3.26,6.03,27.53,2.0,12.0,19.0,244.0,185.0,185.0,8.0,2.63,3.14,3.14,36.3,36.3,34.05,165.08,37.55,12.53,28.21,5.52,95.87,50.31,33.52,37.55,33.52,165.0,65.0,46.0,276.0,34.0,14.0,1.0,26.0,3.0,89.0,64.0,131.0,196.0,9.0,18.0,143.0,15.0,19.0,16.0,113.0,69.0,48.0,4.47,8.45,24.63,5.0,8.0,21.0,276.0,230.0,230.0,6.0,3.58,3.71,3.96,37.17,37.17,34.27
BUF,2022,BUF,BUF,Team Level,all,82,0.49,0.51,0.5,298613.0,2652.65,277.77,183.39,596.23,86.57,1434.98,1051.05,264.49,278.13,264.91,2666.0,964.0,1147.0,4777.0,293.0,242.0,27.0,573.0,87.0,1134.0,1301.0,2373.0,3337.0,267.0,558.0,2149.0,1171.0,583.0,580.0,2575.0,779.0,276.0,82.57,95.19,100.0,94.0,111.0,88.0,4786.71,3630.0,3637.24,262.0,40.36,48.23,48.28,269.84,270.69,262.33,2666.77,287.88,187.58,607.13,88.17,1454.21,1035.02,274.4,288.83,275.35,2711.0,949.0,927.0,4587.0,297.0,265.0,45.0,558.0,79.0,1122.0,1340.0,2414.0,3363.0,310.0,639.0,2614.0,1822.0,633.0,625.0,2509.0,854.0,297.0,77.31,105.08,105.48,94.0,110.0,93.0,4600.74,3660.0,3670.85,318.0,41.76,56.96,56.96,272.68,273.81,266.17
BUF,2022,BUF,BUF,Team Level,5on5,82,0.48,0.51,0.5,244002.0,2102.45,183.66,139.99,491.88,68.26,1141.28,850.93,177.05,184.01,177.48,2092.0,784.0,927.0,3803.0,197.0,187.0,18.0,485.0,61.0,901.0,1045.0,1895.0,2679.0,221.0,466.0,1692.0,1067.0,485.0,480.0,2124.0,600.0,152.0,69.18,73.33,41.14,81.0,79.0,37.0,3812.71,2876.0,2883.25,229.0,28.9,35.64,35.69,176.86,177.71,174.97,2068.27,195.34,139.1,491.32,68.6,1116.23,825.41,188.39,196.3,189.34,2111.0,725.0,766.0,3602.0,204.0,209.0,34.0,466.0,66.0,820.0,1072.0,1907.0,2632.0,274.0,567.0,2033.0,1718.0,519.0,521.0,1982.0,682.0,172.0,62.23,84.1,49.0,80.0,91.0,33.0,3615.74,2836.0,2846.85,273.0,28.92,43.15,42.9,181.35,182.48,179.49
BUF,2022,BUF,BUF,Team Level,4on5,82,0.15,0.15,0.15,20418.0,69.75,8.25,3.76,9.37,2.16,20.99,46.47,8.0,8.25,8.0,78.0,13.0,18.0,109.0,7.0,6.0,1.0,6.0,1.0,12.0,59.0,71.0,84.0,11.0,22.0,138.0,63.0,60.0,18.0,52.0,29.0,10.0,1.6,3.88,2.77,1.0,3.0,3.0,109.0,91.0,91.0,17.0,0.85,1.6,1.6,7.5,7.5,7.47,369.59,47.64,32.34,78.24,12.12,221.65,117.03,45.32,47.64,45.32,369.0,140.0,109.0,618.0,54.0,40.0,10.0,61.0,9.0,199.0,146.0,315.0,455.0,12.0,24.0,220.0,22.0,20.0,55.0,357.0,87.0,65.0,9.0,10.26,28.37,8.0,8.0,38.0,618.0,509.0,509.0,8.0,8.43,9.42,9.42,46.64,46.64,44.98
BUF,2022,BUF,BUF,Team Level,5on4,82,0.87,0.87,0.85,25043.0,345.58,49.04,30.51,71.58,11.56,207.86,107.45,45.26,49.04,45.26,362.0,116.0,143.0,621.0,56.0,36.0,7.0,63.0,15.0,166.0,142.0,306.0,422.0,27.0,54.0,208.0,20.0,11.0,65.0,315.0,103.0,60.0,8.53,11.95,28.56,10.0,17.0,29.0,621.0,478.0,478.0,8.0,7.97,7.85,7.85,49.17,49.17,45.83,63.82,7.35,3.62,9.37,1.93,20.47,42.26,7.17,7.35,7.17,66.0,19.0,6.0,91.0,5.0,2.0,0.0,5.0,1.0,14.0,58.0,61.0,80.0,15.0,30.0,218.0,67.0,75.0,33.0,57.0,16.0,12.0,1.61,2.27,3.49,1.0,3.0,1.0,91.0,85.0,85.0,31.0,0.83,0.67,0.67,7.51,7.51,7.43
MTL,2022,MTL,MTL,Team Level,other,82,0.38,0.48,0.47,9703.0,132.12,24.85,10.25,23.33,4.33,72.23,44.0,22.65,24.85,22.65,130.0,49.0,74.0,253.0,25.0,11.0,1.0,15.0,4.0,70.0,54.0,105.0,154.0,7.0,17.0,120.0,21.0,14.0,27.0,84.0,58.0,37.0,3.35,6.87,14.63,5.0,7.0,13.0,253.0,179.0,179.0,19.0,2.99,3.16,3.0,24.84,24.84,23.28,150.08,41.15,10.36,24.05,4.82,74.85,48.77,36.89,41.15,36.89,149.0,55.0,67.0,271.0,34.0,10.0,0.0,19.0,4.0,76.0,61.0,115.0,170.0,12.0,29.0,122.0,34.0,18.0,34.0,93.0,46.0,65.0,3.59,5.33,32.23,3.0,7.0,24.0,271.0,204.0,204.0,23.0,3.12,4.33,4.11,40.16,40.16,36.83
MTL,2022,MTL,MTL,Team Level,all,82,0.41,0.45,0.45,298417.0,2230.82,219.51,156.06,515.01,73.43,1208.49,890.52,210.21,218.08,208.85,2237.0,826.0,1150.0,4213.0,227.0,202.0,36.0,479.0,52.0,967.0,1136.0,2010.0,2836.0,329.0,767.0,2184.0,1597.0,512.0,1018.0,2174.0,647.0,242.0,63.46,79.79,76.26,69.0,90.0,68.0,4162.57,3063.0,3035.71,746.0,34.58,43.23,43.34,210.76,209.71,205.13,2766.82,314.52,200.73,629.72,92.07,1502.47,1057.47,295.88,317.54,298.82,2753.0,1044.0,1410.0,5207.0,305.0,284.0,46.0,552.0,69.0,1293.0,1294.0,2448.0,3492.0,296.0,684.0,2321.0,1617.0,603.0,904.0,2595.0,819.0,383.0,78.98,102.53,133.02,74.0,117.0,114.0,5300.66,3797.0,3849.89,659.0,44.97,66.85,66.92,292.58,295.32,284.89
MTL,2022,MTL,MTL,Team Level,5on5,82,0.44,0.46,0.46,239768.0,1769.75,157.65,117.34,421.99,57.96,957.19,721.86,152.17,156.23,150.82,1771.0,663.0,927.0,3361.0,163.0,156.0,31.0,408.0,35.0,767.0,905.0,1608.0,2271.0,290.0,683.0,1668.0,1475.0,431.0,877.0,1782.0,494.0,158.0,51.81,61.53,44.32,61.0,69.0,33.0,3310.57,2434.0,2406.71,646.0,24.36,34.82,35.1,146.92,145.88,143.79,2116.29,203.85,146.56,506.81,70.31,1142.25,835.22,195.19,206.87,198.13,2097.0,808.0,1119.0,4024.0,200.0,221.0,32.0,454.0,51.0,944.0,1035.0,1897.0,2705.0,262.0,613.0,1770.0,1502.0,502.0,779.0,2046.0,625.0,234.0,62.48,79.14,62.23,63.0,90.0,47.0,4117.66,2905.0,2957.89,582.0,30.52,46.52,46.59,187.79,190.53,187.04
MTL,2022,MTL,MTL,Team Level,4on5,82,0.09,0.11,0.12,25282.0,60.83,6.34,3.69,9.69,2.09,20.65,40.54,6.2,6.34,6.2,67.0,16.0,17.0,100.0,7.0,2.0,0.0,4.0,2.0,17.0,51.0,60.0,76.0,12.0,29.0,212.0,67.0,56.0,78.0,53.0,24.0,6.0,1.58,3.06,1.7,0.0,5.0,2.0,100.0,83.0,83.0,77.0,0.84,0.39,0.39,6.79,6.79,6.74,440.42,62.2,40.24,89.47,14.84,265.29,133.95,56.59,62.2,56.59,435.0,171.0,217.0,823.0,69.0,50.0,14.0,67.0,14.0,256.0,150.0,366.0,537.0,14.0,26.0,247.0,26.0,22.0,46.0,405.0,129.0,72.0,11.42,15.49,35.29,8.0,20.0,41.0,823.0,606.0,606.0,9.0,10.52,15.35,15.35,57.37,57.37,53.8
MTL,2022,MTL,MTL,Team Level,5on4,82,0.81,0.85,0.82,23664.0,268.12,30.66,24.79,60.0,9.03,158.42,84.11,29.19,30.66,29.19,269.0,98.0,132.0,499.0,32.0,33.0,4.0,52.0,11.0,113.0,126.0,237.0,335.0,20.0,38.0,184.0,34.0,11.0,36.0,255.0,71.0,41.0,6.72,8.33,15.61,3.0,9.0,20.0,499.0,367.0,367.0,4.0,6.39,4.86,4.86,32.19,32.19,31.32,60.05,7.33,3.57,9.39,2.09,20.08,39.55,7.21,7.33,7.21,72.0,10.0,7.0,89.0,2.0,3.0,0.0,12.0,0.0,17.0,48.0,70.0,80.0,8.0,16.0,182.0,55.0,61.0,45.0,51.0,19.0,12.0,1.5,2.56,3.27,0.0,0.0,2.0,89.0,82.0,82.0,45.0,0.82,0.66,0.88,7.27,7.27,7.22
OTT,2022,OTT,OTT,Team Level,other,82,0.53,0.52,0.53,11542.0,171.4,38.84,12.95,29.03,5.64,88.02,55.52,35.86,38.84,35.86,170.0,60.0,62.0,292.0,35.0,20.0,4.0,25.0,4.0,69.0,77.0,135.0,195.0,10.0,26.0,135.0,39.0,20.0,30.0,110.0,64.0,56.0,4.37,8.24,26.23,4.0,10.0,21.0,292.0,230.0,230.0,13.0,3.79,6.41,6.41,36.21,36.21,35.34,154.67,34.37,11.09,28.2,5.18,78.26,50.9,29.81,34.37,29.81,142.0,66.0,66.0,274.0,29.0,18.0,2.0,18.0,5.0,70.0,68.0,113.0,179.0,11.0,26.0,137.0,34.0,24.0,28.0,109.0,48.0,51.0,4.41,5.83,24.13,6.0,6.0,17.0,274.0,208.0,208.0,14.0,3.38,6.25,6.06,31.68,31.68,28.79
OTT,2022,OTT,OTT,Team Level,all,82,0.51,0.51,0.52,297916.0,2811.58,293.18,200.95,641.69,93.42,1511.78,1094.97,278.93,292.93,278.68,2746.0,1090.0,1261.0,5097.0,259.0,283.0,27.0,541.0,84.0,1299.0,1370.0,2487.0,3577.0,354.0,827.0,2524.0,2290.0,558.0,788.0,2633.0,896.0,307.0,76.45,111.18,105.56,62.0,102.0,95.0,5081.24,3836.0,3828.9,501.0,45.31,54.76,55.19,283.3,282.92,275.58,2599.33,276.33,184.65,589.98,85.24,1395.92,1014.95,262.92,278.09,264.62,2572.0,976.0,1254.0,4802.0,270.0,244.0,40.0,553.0,81.0,1141.0,1259.0,2302.0,3278.0,368.0,862.0,2382.0,1984.0,517.0,773.0,2490.0,742.0,316.0,76.58,90.5,109.24,90.0,84.0,96.0,4852.05,3548.0,3580.01,459.0,41.6,51.4,51.47,266.4,267.98,260.46
OTT,2022,OTT,OTT,Team Level,5on5,82,0.51,0.52,0.52,229896.0,2075.49,183.07,136.85,500.82,68.93,1116.42,836.9,176.45,182.82,176.21,2017.0,826.0,973.0,3816.0,152.0,188.0,14.0,421.0,67.0,972.0,1043.0,1865.0,2691.0,312.0,731.0,1862.0,2160.0,448.0,624.0,2046.0,639.0,158.0,59.81,79.35,43.92,45.0,75.0,32.0,3800.24,2843.0,2835.9,429.0,28.41,36.41,36.41,175.07,174.68,171.61,1918.15,174.36,128.83,456.25,62.68,1026.95,770.0,168.91,176.12,170.63,1900.0,720.0,969.0,3589.0,178.0,161.0,29.0,433.0,63.0,838.0,947.0,1722.0,2442.0,317.0,748.0,1748.0,1814.0,403.0,634.0,1891.0,553.0,176.0,58.69,67.57,48.09,73.0,63.0,42.0,3639.05,2620.0,2652.01,402.0,26.81,31.21,31.5,169.61,171.19,168.43
OTT,2022,OTT,OTT,Team Level,4on5,82,0.13,0.14,0.16,28509.0,82.82,8.29,4.61,11.99,2.89,28.32,58.88,8.19,8.29,8.19,97.0,18.0,18.0,133.0,5.0,5.0,0.0,8.0,3.0,18.0,76.0,92.0,110.0,12.0,24.0,242.0,54.0,68.0,54.0,81.0,21.0,13.0,2.03,2.82,3.45,2.0,2.0,1.0,133.0,115.0,115.0,53.0,1.05,0.98,0.98,8.37,8.37,8.27,439.9,56.95,40.02,93.77,14.54,263.6,136.12,53.99,56.95,53.99,436.0,169.0,198.0,803.0,53.0,57.0,8.0,92.0,11.0,215.0,177.0,383.0,552.0,28.0,56.0,262.0,53.0,20.0,70.0,421.0,110.0,74.0,11.45,13.08,32.41,9.0,9.0,35.0,803.0,605.0,605.0,4.0,10.33,11.63,11.61,55.66,55.66,53.99
OTT,2022,OTT,OTT,Team Level,5on4,82,0.86,0.86,0.85,27969.0,481.85,62.98,46.54,99.85,15.96,279.02,143.65,58.43,62.98,58.43,462.0,186.0,208.0,856.0,67.0,70.0,9.0,87.0,10.0,240.0,174.0,395.0,581.0,20.0,46.0,285.0,37.0,22.0,80.0,396.0,172.0,80.0,10.23,20.78,31.97,11.0,15.0,41.0,856.0,648.0,648.0,6.0,12.06,10.96,11.39,63.65,63.65,60.34,86.61,10.65,4.7,11.76,2.85,27.11,57.93,10.21,10.65,10.21,94.0,21.0,21.0,136.0,10.0,8.0,1.0,10.0,2.0,18.0,67.0,84.0,105.0,12.0,32.0,235.0,83.0,70.0,41.0,69.0,31.0,15.0,2.02,4.02,4.62,2.0,6.0,2.0,136.0,115.0,115.0,39.0,1.08,2.3,2.3,9.44,9.44,9.25
NYI,2022,NYI,NYI,Team Level,other,82,0.46,0.49,0.49,9910.0,137.23,27.99,9.96,24.99,4.59,75.54,45.94,26.6,27.99,26.6,137.0,52.0,72.0,261.0,32.0,15.0,3.0,26.0,5.0,53.0,58.0,105.0,157.0,4.0,6.0,116.0,24.0,20.0,24.0,95.0,55.0,39.0,3.99,6.81,17.18,6.0,6.0,20.0,261.0,189.0,189.0,6.0,2.9,4.16,3.94,26.94,26.94,25.89,139.75,33.52,10.25,23.81,4.73,76.81,43.88,31.56,33.52,31.56,131.0,62.0,84.0,277.0,32.0,13.0,2.0,17.0,5.0,74.0,52.0,99.0,161.0,7.0,14.0,112.0,30.0,16.0,27.0,88.0,58.0,47.0,3.43,7.38,22.72,2.0,10.0,20.0,277.0,193.0,193.0,14.0,2.93,4.33,4.75,31.7,31.7,30.25
NYI,2022,NYI,NYI,Team Level,all,82,0.5,0.5,0.49,298395.0,2539.24,258.48,180.25,606.45,87.0,1411.06,996.76,244.8,258.76,245.11,2525.0,1015.0,1323.0,4863.0,242.0,285.0,32.0,496.0,71.0,1198.0,1248.0,2283.0,3298.0,268.0,588.0,2308.0,2139.0,528.0,767.0,2545.0,704.0,291.0,74.02,87.55,96.91,94.0,82.0,66.0,4868.43,3540.0,3545.24,381.0,39.75,60.89,60.91,237.32,237.45,230.17,2628.26,258.13,185.04,616.52,88.31,1429.07,1040.94,245.17,258.74,245.75,2545.0,1073.0,1323.0,4941.0,217.0,281.0,31.0,453.0,88.0,1205.0,1374.0,2328.0,3401.0,269.0,591.0,2154.0,1749.0,494.0,875.0,2644.0,682.0,292.0,76.12,85.94,96.06,69.0,82.0,66.0,4948.41,3618.0,3623.55,460.0,40.88,59.31,59.31,239.71,239.82,233.22
NYI,2022,NYI,NYI,Team Level,5on5,82,0.5,0.5,0.49,244949.0,2032.47,182.99,138.96,505.44,70.22,1119.2,819.18,174.83,183.27,175.15,2016.0,820.0,1076.0,3912.0,176.0,230.0,23.0,404.0,57.0,956.0,1013.0,1840.0,2660.0,238.0,522.0,1796.0,2042.0,455.0,645.0,2084.0,558.0,194.0,59.82,69.92,53.25,78.0,70.0,28.0,3917.43,2836.0,2841.24,346.0,28.85,44.23,44.24,167.6,167.74,164.27,2101.12,181.77,139.17,512.78,70.22,1140.76,852.3,173.81,182.38,174.39,2013.0,884.0,1057.0,3954.0,145.0,213.0,23.0,374.0,75.0,958.0,1132.0,1868.0,2752.0,240.0,527.0,1676.0,1637.0,426.0,758.0,2186.0,521.0,190.0,63.04,65.56,53.18,58.0,56.0,31.0,3961.41,2897.0,2902.55,408.0,28.81,44.33,44.42,166.17,166.28,162.97
NYI,2022,NYI,NYI,Team Level,4on5,82,0.12,0.1,0.12,21353.0,44.71,4.97,2.36,6.52,1.46,14.21,30.47,4.86,4.97,4.86,49.0,11.0,12.0,72.0,3.0,3.0,0.0,4.0,0.0,13.0,37.0,46.0,57.0,12.0,29.0,167.0,49.0,38.0,27.0,40.0,11.0,9.0,1.21,1.3,2.45,1.0,0.0,2.0,72.0,60.0,60.0,22.0,0.54,0.5,0.72,4.78,4.78,4.75,321.73,36.53,32.29,70.02,11.15,190.48,99.53,33.66,36.53,33.66,324.0,116.0,174.0,614.0,33.0,51.0,6.0,56.0,7.0,158.0,135.0,291.0,407.0,15.0,33.0,202.0,17.0,15.0,55.0,309.0,84.0,47.0,8.11,10.4,18.02,8.0,12.0,13.0,614.0,440.0,440.0,8.0,8.37,10.21,9.7,35.2,35.2,33.47
NYI,2022,NYI,NYI,Team Level,5on4,82,0.87,0.87,0.84,22183.0,324.84,42.54,28.97,69.5,10.72,202.1,101.17,38.51,42.54,38.51,323.0,132.0,163.0,618.0,31.0,37.0,6.0,62.0,9.0,176.0,140.0,292.0,424.0,14.0,31.0,229.0,24.0,15.0,71.0,326.0,80.0,49.0,9.0,9.51,24.02,9.0,6.0,16.0,618.0,455.0,455.0,7.0,7.46,12.0,12.0,37.99,37.99,35.26,65.66,6.3,3.34,9.91,2.21,21.03,45.22,6.14,6.3,6.14,77.0,11.0,8.0,96.0,7.0,4.0,0.0,6.0,1.0,15.0,55.0,70.0,81.0,7.0,17.0,164.0,65.0,37.0,35.0,61.0,19.0,8.0,1.55,2.6,2.15,1.0,4.0,2.0,96.0,88.0,88.0,30.0,0.78,0.43,0.43,6.64,6.64,6.53
TOR,2022,TOR,TOR,Team Level,other,82,0.49,0.4,0.41,9872.0,105.58,27.88,7.36,17.75,3.41,51.96,35.66,25.79,27.88,25.79,100.0,44.0,48.0,192.0,26.0,10.0,3.0,16.0,7.0,34.0,51.0,74.0,118.0,3.0,6.0,112.0,22.0,24.0,27.0,66.0,34.0,44.0,2.51,4.23,21.15,1.0,5.0,20.0,192.0,144.0,144.0,15.0,2.1,4.0,4.08,25.91,25.91,24.89,151.5,28.96,11.84,28.9,5.49,83.07,49.74,26.2,28.96,26.2,146.0,62.0,84.0,292.0,30.0,21.0,3.0,25.0,5.0,70.0,57.0,116.0,178.0,8.0,14.0,102.0,40.0,24.0,17.0,112.0,54.0,42.0,4.34,6.74,17.88,9.0,7.0,14.0,292.0,208.0,208.0,4.0,3.31,6.66,6.66,25.62,25.62,24.66
TOR,2022,TOR,TOR,Team Level,all,82,0.54,0.51,0.52,297893.0,2663.45,286.98,195.85,599.19,87.51,1448.78,1020.7,273.18,289.92,276.05,2629.0,1010.0,1128.0,4767.0,278.0,255.0,43.0,538.0,91.0,1143.0,1334.0,2351.0,3361.0,292.0,635.0,2345.0,1775.0,709.0,843.0,2483.0,828.0,328.0,74.83,103.62,108.52,84.0,97.0,97.0,4842.52,3639.0,3684.69,478.0,43.26,56.32,56.41,273.84,276.52,269.34,2469.57,243.0,174.38,570.93,82.23,1349.02,981.45,231.04,241.84,229.93,2420.0,981.0,1214.0,4615.0,220.0,243.0,37.0,502.0,90.0,1160.0,1186.0,2200.0,3181.0,294.0,622.0,2070.0,2537.0,634.0,806.0,2411.0,729.0,261.0,67.97,89.77,85.24,83.0,71.0,66.0,4549.38,3401.0,3365.68,463.0,38.59,51.31,51.31,230.27,229.29,223.48
TOR,2022,TOR,TOR,Team Level,5on5,82,0.54,0.51,0.52,239933.0,2085.9,197.97,145.19,489.66,68.22,1139.29,815.67,190.28,200.9,193.14,2053.0,803.0,915.0,3771.0,184.0,180.0,28.0,455.0,73.0,893.0,1071.0,1869.0,2672.0,267.0,587.0,1844.0,1642.0,608.0,697.0,2002.0,658.0,196.0,60.91,82.81,54.23,74.0,70.0,40.0,3846.52,2856.0,2901.68,413.0,30.19,38.24,38.26,189.9,192.58,188.74,1914.2,167.83,128.85,461.66,63.47,1039.49,776.68,161.17,166.68,160.06,1859.0,779.0,969.0,3607.0,143.0,184.0,25.0,410.0,70.0,896.0,935.0,1716.0,2495.0,267.0,570.0,1552.0,2372.0,537.0,662.0,1918.0,557.0,163.0,54.22,68.4,45.21,65.0,50.0,28.0,3541.38,2638.0,2602.68,423.0,26.76,36.85,37.32,157.28,156.29,153.23
TOR,2022,TOR,TOR,Team Level,4on5,82,0.21,0.16,0.19,24439.0,77.59,10.27,4.69,11.44,2.67,25.41,50.51,9.9,10.27,9.9,87.0,18.0,11.0,116.0,7.0,6.0,1.0,6.0,3.0,22.0,61.0,80.0,98.0,6.0,10.0,166.0,85.0,64.0,47.0,63.0,23.0,19.0,1.93,2.99,5.35,1.0,3.0,3.0,116.0,105.0,105.0,43.0,1.07,1.6,1.6,9.73,9.73,9.6,331.6,38.59,29.93,70.06,11.02,204.72,105.68,36.35,38.59,36.35,339.0,121.0,148.0,608.0,39.0,32.0,8.0,62.0,15.0,174.0,138.0,300.0,421.0,13.0,26.0,252.0,49.0,18.0,97.0,317.0,97.0,46.0,7.53,11.71,19.35,7.0,9.0,23.0,608.0,460.0,460.0,9.0,7.66,6.5,6.03,40.22,40.22,38.52
TOR,2022,TOR,TOR,Team Level,5on4,82,0.87,0.86,0.85,23649.0,394.37,50.86,38.63,80.34,13.2,232.11,118.87,47.22,50.86,47.22,389.0,145.0,154.0,688.0,61.0,59.0,11.0,61.0,8.0,194.0,151.0,328.0,473.0,16.0,32.0,223.0,26.0,13.0,72.0,352.0,113.0,69.0,9.48,13.59,27.8,8.0,19.0,34.0,688.0,534.0,534.0,7.0,9.91,12.48,12.48,48.3,48.3,46.11,72.25,7.6,3.75,10.32,2.25,21.73,49.34,7.3,7.6,7.3,76.0,19.0,13.0,108.0,8.0,6.0,1.0,5.0,0.0,20.0,56.0,68.0,87.0,6.0,12.0,164.0,76.0,55.0,30.0,64.0,21.0,10.0,1.88,2.92,2.8,2.0,5.0,1.0,108.0,95.0,95.0,27.0,0.87,1.3,1.3,7.16,7.16,7.08
DAL,2022,DAL,DAL,Team Level,other,82,0.58,0.52,0.51,8791.0,142.56,34.58,9.99,25.14,5.08,75.76,46.45,33.06,34.58,33.06,139.0,58.0,70.0,267.0,33.0,14.0,2.0,21.0,5.0,65.0,59.0,106.0,164.0,6.0,12.0,113.0,30.0,22.0,19.0,98.0,47.0,52.0,3.9,6.01,24.66,6.0,7.0,20.0,267.0,197.0,197.0,9.0,2.9,3.08,3.08,34.4,34.4,33.54,139.04,24.62,10.28,26.88,4.82,73.57,48.83,22.83,24.62,22.83,138.0,51.0,61.0,250.0,26.0,17.0,4.0,20.0,1.0,58.0,67.0,112.0,163.0,4.0,8.0,112.0,29.0,25.0,24.0,107.0,50.0,32.0,4.06,5.94,14.61,4.0,9.0,13.0,250.0,189.0,189.0,9.0,2.93,3.17,3.17,24.38,24.38,23.39
DAL,2022,DAL,DAL,Team Level,all,82,0.55,0.52,0.51,299585.0,2625.42,277.59,180.82,620.44,89.14,1442.16,1024.84,264.78,280.82,267.91,2618.0,1017.0,1351.0,4986.0,281.0,258.0,38.0,452.0,87.0,1204.0,1353.0,2337.0,3354.0,269.0,583.0,2609.0,1648.0,581.0,783.0,2603.0,730.0,302.0,76.83,89.55,111.21,94.0,91.0,96.0,5075.36,3635.0,3684.84,378.0,40.44,54.47,54.52,263.51,266.72,259.44,2482.24,227.6,169.81,575.71,82.11,1381.25,1011.51,219.67,226.6,218.7,2454.0,994.0,1151.0,4599.0,215.0,199.0,30.0,483.0,50.0,1174.0,1327.0,2239.0,3233.0,285.0,645.0,2156.0,1937.0,596.0,731.0,2551.0,674.0,223.0,71.62,82.39,73.59,68.0,86.0,61.0,4553.46,3448.0,3425.62,348.0,37.26,40.06,40.06,224.8,223.66,219.14
DAL,2022,DAL,DAL,Team Level,5on5,82,0.52,0.52,0.51,242527.0,2007.97,174.54,132.56,496.99,68.22,1109.59,809.11,168.26,177.76,171.38,1985.0,806.0,1095.0,3886.0,175.0,187.0,26.0,359.0,69.0,925.0,1076.0,1810.0,2616.0,241.0,527.0,2018.0,1520.0,490.0,650.0,2060.0,567.0,164.0,60.87,68.81,44.86,75.0,67.0,33.0,3975.36,2791.0,2840.84,324.0,27.45,36.14,36.63,165.35,168.56,165.53,1946.45,158.23,124.96,471.62,64.06,1078.87,806.26,154.07,157.24,153.1,1910.0,794.0,929.0,3633.0,145.0,154.0,23.0,394.0,40.0,904.0,1067.0,1765.0,2559.0,259.0,593.0,1647.0,1812.0,497.0,617.0,2067.0,496.0,141.0,58.43,61.08,38.72,56.0,61.0,28.0,3587.46,2704.0,2681.62,307.0,25.73,30.73,30.73,153.23,152.1,150.18
DAL,2022,DAL,DAL,Team Level,4on5,82,0.15,0.14,0.16,24603.0,67.52,6.61,2.93,10.36,2.04,20.91,46.16,6.3,6.61,6.3,78.0,11.0,9.0,98.0,10.0,4.0,1.0,5.0,2.0,9.0,59.0,68.0,79.0,5.0,10.0,230.0,76.0,44.0,43.0,66.0,15.0,8.0,1.78,2.2,2.63,0.0,5.0,5.0,98.0,89.0,89.0,40.0,0.68,1.32,1.32,5.96,5.96,5.91,327.57,37.86,30.94,66.89,10.94,206.45,107.93,36.02,37.86,36.02,320.0,141.0,143.0,604.0,39.0,26.0,3.0,61.0,8.0,196.0,131.0,281.0,422.0,12.0,24.0,188.0,40.0,15.0,63.0,312.0,109.0,40.0,7.16,12.96,17.75,7.0,13.0,19.0,604.0,461.0,461.0,8.0,7.76,5.6,5.6,40.02,40.02,38.48
DAL,2022,DAL,DAL,Team Level,5on4,82,0.9,0.87,0.86,23664.0,407.36,61.87,35.34,87.95,13.81,235.91,123.12,57.17,61.87,57.17,416.0,142.0,177.0,735.0,63.0,53.0,9.0,67.0,11.0,205.0,159.0,353.0,495.0,17.0,34.0,248.0,22.0,25.0,71.0,379.0,101.0,78.0,10.28,12.53,39.06,13.0,12.0,38.0,735.0,558.0,558.0,5.0,9.42,13.93,13.49,57.79,57.79,54.46,69.18,6.9,3.64,10.33,2.29,22.36,48.49,6.76,6.9,6.76,86.0,8.0,18.0,112.0,5.0,2.0,0.0,8.0,1.0,16.0,62.0,81.0,89.0,10.0,20.0,209.0,56.0,59.0,27.0,65.0,19.0,10.0,1.96,2.42,2.52,1.0,3.0,1.0,112.0,94.0,94.0,24.0,0.83,0.56,0.56,7.17,7.17,7.09
SEA,2022,SEA,SEA,Team Level,other,82,0.47,0.47,0.47,8190.0,104.86,27.29,7.48,18.6,3.67,55.71,35.26,26.09,27.29,26.09,105.0,43.0,49.0,197.0,32.0,8.0,1.0,14.0,3.0,52.0,39.0,73.0,116.0,5.0,10.0,84.0,31.0,21.0,9.0,86.0,21.0,41.0,2.84,2.89,21.57,5.0,7.0,20.0,197.0,148.0,148.0,5.0,2.19,2.24,2.24,27.25,27.25,26.17,119.6,30.67,8.74,19.76,3.91,64.42,36.51,27.57,30.67,27.57,110.0,54.0,54.0,218.0,34.0,13.0,5.0,14.0,5.0,58.0,40.0,76.0,130.0,3.0,6.0,103.0,35.0,22.0,13.0,75.0,42.0,47.0,2.97,5.42,22.29,3.0,10.0,21.0,218.0,164.0,164.0,0.0,2.54,5.4,5.4,27.81,27.81,26.51
SEA,2022,SEA,SEA,Team Level,all,82,0.51,0.52,0.52,297939.0,2549.88,255.02,177.54,592.67,85.77,1418.96,1029.03,245.31,256.81,247.06,2498.0,1061.0,1188.0,4747.0,289.0,210.0,34.0,493.0,89.0,1137.0,1341.0,2209.0,3270.0,279.0,632.0,2046.0,1802.0,787.0,557.0,2601.0,704.0,254.0,76.04,87.93,91.05,104.0,104.0,81.0,4791.58,3559.0,3590.43,280.0,38.99,42.66,42.66,251.35,253.13,246.55,2330.29,242.75,167.32,535.54,78.0,1285.59,916.79,231.19,243.19,231.58,2217.0,1009.0,1127.0,4353.0,252.0,211.0,40.0,424.0,73.0,1099.0,1167.0,1965.0,2974.0,288.0,658.0,2469.0,1802.0,652.0,638.0,2259.0,708.0,259.0,65.76,88.65,88.34,65.0,96.0,91.0,4342.48,3226.0,3221.51,323.0,37.22,44.07,44.15,235.82,236.19,229.92
SEA,2022,SEA,SEA,Team Level,5on5,82,0.52,0.53,0.53,243742.0,2072.16,176.4,137.99,498.42,69.45,1151.51,858.23,171.56,178.18,173.31,2022.0,870.0,955.0,3847.0,209.0,161.0,26.0,417.0,70.0,910.0,1125.0,1813.0,2683.0,261.0,593.0,1621.0,1642.0,657.0,488.0,2161.0,588.0,143.0,63.82,73.32,39.26,89.0,88.0,32.0,3891.58,2892.0,2923.43,254.0,28.48,29.93,30.27,174.62,176.4,173.78,1823.4,163.59,124.42,437.22,60.82,998.53,736.43,157.72,164.02,158.11,1727.0,794.0,927.0,3448.0,162.0,161.0,26.0,341.0,59.0,865.0,933.0,1565.0,2359.0,258.0,592.0,1923.0,1672.0,544.0,553.0,1808.0,562.0,151.0,52.68,70.51,40.39,50.0,72.0,40.0,3437.48,2521.0,2516.51,295.0,25.85,30.48,30.55,158.89,159.26,156.57
SEA,2022,SEA,SEA,Team Level,4on5,82,0.11,0.11,0.12,22646.0,48.14,5.57,2.73,6.86,1.68,15.39,31.77,5.54,5.57,5.54,54.0,10.0,11.0,75.0,5.0,2.0,0.0,3.0,1.0,13.0,40.0,49.0,59.0,4.0,11.0,163.0,108.0,75.0,18.0,40.0,16.0,8.0,1.1,2.21,2.27,3.0,2.0,0.0,75.0,64.0,64.0,16.0,0.62,0.48,0.48,5.71,5.71,5.69,333.88,43.55,31.25,70.48,11.51,204.55,105.67,41.04,43.55,41.04,324.0,143.0,138.0,605.0,49.0,36.0,9.0,64.0,8.0,162.0,148.0,275.0,418.0,20.0,43.0,225.0,30.0,20.0,44.0,323.0,89.0,55.0,8.72,10.86,23.98,9.0,12.0,28.0,605.0,467.0,467.0,3.0,8.15,7.9,7.9,43.81,43.81,41.58
SEA,2022,SEA,SEA,Team Level,5on4,82,0.9,0.88,0.86,23361.0,324.72,45.76,29.35,68.81,10.97,196.37,103.76,42.11,45.76,42.11,317.0,138.0,173.0,628.0,43.0,39.0,7.0,59.0,15.0,162.0,137.0,274.0,412.0,9.0,18.0,178.0,21.0,34.0,42.0,314.0,79.0,62.0,8.28,9.52,27.96,7.0,7.0,29.0,628.0,455.0,455.0,5.0,7.69,10.02,9.68,43.77,43.77,40.91,53.42,4.94,2.92,8.09,1.77,18.1,38.18,4.85,4.94,4.85,56.0,18.0,8.0,82.0,7.0,1.0,0.0,5.0,1.0,14.0,46.0,49.0,67.0,7.0,17.0,218.0,65.0,66.0,28.0,53.0,15.0,6.0,1.4,1.86,1.69,3.0,2.0,2.0,82.0,74.0,74.0,25.0,0.67,0.31,0.31,5.31,5.31,5.26
NYR,2022,NYR,NYR,Team Level,other,82,0.55,0.54,0.54,9534.0,156.18,36.51,11.49,27.48,5.41,86.13,48.99,34.58,36.51,34.58,140.0,76.0,75.0,291.0,38.0,12.0,1.0,8.0,5.0,96.0,57.0,102.0,178.0,10.0,20.0,134.0,22.0,27.0,26.0,105.0,63.0,48.0,4.14,7.7,24.67,6.0,6.0,26.0,291.0,216.0,216.0,7.0,3.42,2.55,2.55,37.38,37.38,35.64,136.47,29.67,10.12,23.9,4.63,69.66,44.01,27.04,29.67,27.04,133.0,49.0,67.0,249.0,25.0,13.0,3.0,22.0,1.0,62.0,59.0,108.0,157.0,6.0,12.0,108.0,24.0,14.0,20.0,76.0,63.0,43.0,2.75,7.57,19.35,2.0,10.0,13.0,249.0,182.0,182.0,7.0,2.99,4.95,4.95,27.71,27.71,25.9
NYR,2022,NYR,NYR,Team Level,all,82,0.51,0.51,0.52,299400.0,2623.68,257.31,186.48,594.6,86.64,1461.85,1045.14,247.06,259.6,249.25,2583.0,1049.0,1180.0,4812.0,273.0,214.0,22.0,405.0,62.0,1397.0,1281.0,2310.0,3359.0,262.0,605.0,2183.0,1978.0,679.0,866.0,2636.0,760.0,236.0,80.12,91.99,85.21,93.0,101.0,79.0,4868.38,3632.0,3665.83,429.0,41.6,39.9,39.9,259.01,261.22,254.41,2450.4,247.07,169.63,568.17,80.85,1319.45,961.9,234.0,246.24,233.36,2405.0,943.0,1205.0,4553.0,216.0,224.0,34.0,350.0,42.0,1223.0,1294.0,2189.0,3132.0,286.0,663.0,2266.0,1740.0,585.0,809.0,2371.0,712.0,265.0,69.19,88.58,89.3,75.0,73.0,68.0,4523.0,3348.0,3336.8,394.0,37.44,51.22,51.6,232.91,232.31,226.2
NYR,2022,NYR,NYR,Team Level,5on5,82,0.48,0.5,0.5,245657.0,1971.65,163.42,131.8,468.63,64.58,1089.65,807.92,158.46,165.71,160.65,1967.0,759.0,943.0,3669.0,180.0,154.0,17.0,330.0,46.0,1020.0,996.0,1787.0,2546.0,224.0,526.0,1668.0,1886.0,561.0,747.0,2043.0,553.0,130.0,61.81,66.48,35.14,70.0,80.0,30.0,3725.38,2726.0,2759.83,394.0,27.26,28.93,29.01,161.68,163.89,161.3,1978.13,174.2,131.72,478.77,65.26,1060.97,790.13,166.51,173.38,165.85,1940.0,762.0,997.0,3699.0,153.0,175.0,25.0,290.0,37.0,992.0,1056.0,1787.0,2549.0,255.0,598.0,1778.0,1644.0,514.0,676.0,1971.0,562.0,169.0,58.74,70.18,45.29,71.0,50.0,32.0,3669.0,2702.0,2690.8,355.0,27.34,35.2,35.59,165.96,165.36,162.43
NYR,2022,NYR,NYR,Team Level,4on5,82,0.16,0.18,0.2,21074.0,76.26,7.35,3.95,10.94,2.25,23.45,53.06,7.32,7.35,7.32,73.0,28.0,16.0,117.0,6.0,3.0,0.0,6.0,1.0,17.0,68.0,67.0,95.0,10.0,20.0,144.0,49.0,68.0,22.0,71.0,21.0,9.0,2.48,2.48,2.39,2.0,2.0,2.0,117.0,101.0,101.0,18.0,0.92,0.37,0.37,7.9,7.9,7.87,281.65,38.46,25.22,57.0,9.26,171.59,90.46,35.8,38.46,35.8,273.0,119.0,127.0,519.0,34.0,33.0,6.0,36.0,4.0,156.0,129.0,239.0,358.0,16.0,32.0,194.0,22.0,18.0,87.0,272.0,72.0,48.0,6.53,8.84,23.09,2.0,11.0,21.0,519.0,392.0,392.0,9.0,6.51,10.02,10.02,34.95,34.95,33.59
NYR,2022,NYR,NYR,Team Level,5on4,82,0.91,0.9,0.89,23135.0,419.59,50.03,39.24,87.54,14.41,262.62,135.17,46.7,50.03,46.7,403.0,186.0,146.0,735.0,49.0,45.0,4.0,61.0,10.0,264.0,160.0,354.0,540.0,18.0,39.0,237.0,21.0,23.0,71.0,417.0,123.0,49.0,11.69,15.32,23.02,15.0,13.0,21.0,735.0,589.0,589.0,10.0,10.01,8.06,7.98,52.06,52.06,49.6,54.15,4.74,2.55,8.5,1.69,17.22,37.31,4.67,4.74,4.67,59.0,13.0,14.0,86.0,4.0,3.0,0.0,2.0,0.0,13.0,50.0,55.0,68.0,9.0,21.0,186.0,50.0,39.0,26.0,52.0,15.0,5.0,1.18,1.99,1.57,0.0,2.0,2.0,86.0,72.0,72.0,23.0,0.59,1.04,1.04,4.29,4.29,4.27
SJS,2022,SJS,SJS,Team Level,other,82,0.45,0.48,0.48,8976.0,141.44,30.19,10.14,23.39,4.77,77.21,49.29,26.1,30.19,26.1,139.0,56.0,63.0,258.0,23.0,9.0,0.0,33.0,1.0,72.0,57.0,116.0,172.0,8.0,16.0,119.0,36.0,25.0,18.0,97.0,59.0,39.0,4.07,7.26,18.86,3.0,7.0,13.0,258.0,195.0,195.0,3.0,2.9,3.07,3.07,30.01,30.01,26.5,157.38,37.57,10.96,27.5,5.43,76.81,56.73,35.22,37.57,35.22,163.0,52.0,64.0,279.0,43.0,16.0,3.0,24.0,6.0,62.0,64.0,120.0,172.0,6.0,12.0,120.0,26.0,31.0,18.0,121.0,41.0,53.0,4.95,5.07,27.55,9.0,7.0,27.0,279.0,215.0,215.0,7.0,3.13,5.33,5.33,35.37,35.37,34.39
SJS,2022,SJS,SJS,Team Level,all,82,0.48,0.48,0.48,299084.0,2458.62,260.84,179.73,563.73,81.86,1344.47,953.37,247.28,260.13,246.58,2418.0,966.0,1223.0,4607.0,233.0,250.0,45.0,534.0,68.0,1035.0,1264.0,2185.0,3151.0,278.0,627.0,2479.0,1871.0,748.0,687.0,2363.0,727.0,294.0,73.98,91.13,95.72,75.0,79.0,79.0,4562.84,3384.0,3359.33,317.0,39.78,54.42,54.48,246.13,244.98,236.79,2673.49,280.14,192.51,604.94,89.17,1476.26,1060.98,267.4,283.26,270.38,2640.0,1064.0,1308.0,5012.0,315.0,255.0,44.0,650.0,88.0,1136.0,1261.0,2325.0,3389.0,246.0,559.0,2383.0,1725.0,755.0,705.0,2614.0,793.0,297.0,81.73,96.85,101.55,106.0,121.0,88.0,5080.1,3704.0,3749.61,347.0,42.47,56.57,56.62,265.99,268.9,262.11
SJS,2022,SJS,SJS,Team Level,5on5,82,0.5,0.49,0.48,243591.0,1963.58,188.23,137.81,469.17,65.6,1067.88,778.31,181.2,187.54,180.49,1915.0,792.0,1004.0,3711.0,169.0,195.0,36.0,435.0,56.0,815.0,1037.0,1746.0,2538.0,250.0,571.0,1948.0,1760.0,631.0,590.0,1931.0,572.0,204.0,61.04,71.74,55.45,64.0,64.0,41.0,3666.84,2707.0,2682.33,289.0,28.67,40.87,40.93,175.97,174.82,171.5,2083.17,191.27,143.75,490.26,69.42,1150.67,845.63,184.15,194.38,187.13,2060.0,831.0,1033.0,3924.0,220.0,196.0,32.0,532.0,67.0,884.0,993.0,1840.0,2671.0,227.0,521.0,1848.0,1605.0,635.0,577.0,2095.0,611.0,185.0,65.25,75.04,50.97,88.0,96.0,36.0,3992.1,2891.0,2936.61,308.0,29.77,40.54,40.59,180.45,183.35,179.99
SJS,2022,SJS,SJS,Team Level,4on5,82,0.07,0.09,0.1,24923.0,41.84,3.46,1.93,5.73,1.25,13.12,30.51,3.42,3.46,3.42,51.0,5.0,12.0,68.0,4.0,1.0,0.0,10.0,1.0,4.0,36.0,47.0,52.0,6.0,12.0,186.0,52.0,72.0,25.0,43.0,10.0,3.0,1.09,1.31,1.07,3.0,0.0,1.0,68.0,56.0,56.0,20.0,0.45,0.01,0.01,3.9,3.9,3.85,370.19,43.83,34.44,78.07,12.35,228.73,115.58,40.73,43.83,40.73,349.0,164.0,195.0,708.0,41.0,40.0,8.0,83.0,12.0,182.0,155.0,308.0,472.0,10.0,20.0,249.0,29.0,24.0,79.0,343.0,122.0,48.0,9.75,14.43,19.67,8.0,13.0,20.0,708.0,513.0,513.0,6.0,8.81,10.06,10.06,42.58,42.58,40.19
SJS,2022,SJS,SJS,Team Level,5on4,82,0.84,0.85,0.83,21594.0,311.76,38.96,29.85,65.43,10.24,186.26,95.26,36.58,38.96,36.58,313.0,113.0,144.0,570.0,37.0,45.0,9.0,56.0,10.0,144.0,134.0,276.0,389.0,14.0,28.0,226.0,23.0,20.0,54.0,292.0,86.0,48.0,7.78,10.83,20.35,5.0,8.0,24.0,570.0,426.0,426.0,5.0,7.75,10.46,10.46,36.24,36.24,34.94,62.76,7.46,3.36,9.11,1.97,20.06,43.04,7.3,7.46,7.3,68.0,17.0,16.0,101.0,11.0,3.0,1.0,11.0,3.0,8.0,49.0,57.0,74.0,3.0,6.0,166.0,65.0,65.0,31.0,55.0,19.0,11.0,1.78,2.32,3.36,1.0,5.0,5.0,101.0,85.0,85.0,26.0,0.77,0.64,0.64,7.59,7.59,7.54
CAR,2022,CAR,CAR,Team Level,other,82,0.53,0.57,0.56,9611.0,163.99,37.32,11.85,30.14,5.62,86.44,53.62,34.08,37.32,34.08,155.0,70.0,77.0,302.0,35.0,15.0,2.0,26.0,3.0,83.0,63.0,120.0,190.0,5.0,10.0,125.0,25.0,22.0,23.0,98.0,75.0,52.0,3.9,9.7,23.72,7.0,11.0,17.0,302.0,225.0,225.0,10.0,3.48,4.6,4.92,35.88,35.88,33.6,134.54,32.61,10.1,23.81,4.41,67.48,41.59,29.84,32.61,29.84,137.0,43.0,48.0,228.0,30.0,18.0,4.0,13.0,5.0,60.0,54.0,107.0,150.0,8.0,16.0,118.0,36.0,29.0,21.0,84.0,49.0,47.0,3.49,5.96,23.17,3.0,12.0,15.0,228.0,180.0,180.0,7.0,2.94,7.51,7.51,28.05,28.05,27.41
CAR,2022,CAR,CAR,Team Level,all,82,0.58,0.6,0.59,299432.0,3026.48,298.51,214.38,744.55,103.59,1675.11,1188.85,282.66,301.69,285.71,2852.0,1373.0,1381.0,5606.0,262.0,360.0,45.0,632.0,97.0,1549.0,1325.0,2590.0,3963.0,283.0,582.0,2618.0,1351.0,738.0,715.0,3079.0,812.0,334.0,88.1,99.34,111.08,100.0,84.0,78.0,5707.61,4225.0,4287.03,309.0,47.59,69.01,69.02,277.09,280.12,270.89,2132.15,213.37,151.95,484.86,70.03,1152.92,849.87,202.44,212.02,201.17,2133.0,790.0,834.0,3757.0,210.0,201.0,21.0,398.0,59.0,919.0,1136.0,1923.0,2713.0,270.0,559.0,2335.0,1847.0,592.0,782.0,2064.0,643.0,216.0,58.39,78.42,76.57,76.0,83.0,51.0,3705.35,2923.0,2891.85,439.0,34.03,43.57,43.6,203.81,202.68,197.84
CAR,2022,CAR,CAR,Team Level,5on5,82,0.6,0.6,0.6,241031.0,2382.16,206.15,162.39,612.21,82.0,1317.31,953.96,196.75,209.32,199.8,2244.0,1090.0,1117.0,4451.0,175.0,294.0,36.0,527.0,77.0,1209.0,1052.0,2069.0,3159.0,246.0,508.0,2029.0,1250.0,610.0,582.0,2508.0,613.0,213.0,71.51,74.81,59.82,79.0,60.0,36.0,4552.61,3334.0,3396.03,268.0,33.78,53.27,53.5,186.42,189.45,184.91,1634.34,136.64,109.12,388.47,53.04,886.6,669.14,132.66,135.28,131.38,1621.0,622.0,678.0,2921.0,139.0,135.0,8.0,329.0,48.0,708.0,884.0,1482.0,2104.0,229.0,477.0,1826.0,1694.0,471.0,656.0,1646.0,479.0,118.0,46.25,58.84,31.55,66.0,58.0,15.0,2869.35,2243.0,2211.85,396.0,22.64,25.83,26.0,133.27,132.15,130.28
CAR,2022,CAR,CAR,Team Level,4on5,82,0.17,0.19,0.2,24594.0,78.42,7.51,4.27,11.71,2.54,26.12,54.85,7.44,7.51,7.44,82.0,25.0,14.0,121.0,9.0,2.0,0.0,14.0,1.0,23.0,58.0,73.0,98.0,8.0,16.0,216.0,52.0,88.0,31.0,73.0,24.0,10.0,1.96,3.02,2.54,3.0,3.0,3.0,121.0,107.0,107.0,27.0,0.99,0.15,0.15,8.36,8.36,8.3,300.5,38.03,29.34,63.96,10.58,178.32,94.77,33.97,38.03,33.97,306.0,109.0,98.0,513.0,36.0,44.0,8.0,48.0,3.0,138.0,146.0,270.0,379.0,16.0,32.0,200.0,33.0,30.0,76.0,277.0,95.0,43.0,6.96,11.35,19.72,6.0,10.0,20.0,513.0,415.0,415.0,9.0,7.69,9.11,8.97,36.76,36.76,34.46
CAR,2022,CAR,CAR,Team Level,5on4,82,0.89,0.89,0.87,24196.0,401.91,47.54,35.87,90.49,13.44,245.24,126.41,44.39,47.54,44.39,371.0,188.0,173.0,732.0,43.0,49.0,7.0,65.0,16.0,234.0,152.0,328.0,516.0,24.0,48.0,248.0,24.0,18.0,79.0,400.0,100.0,59.0,10.74,11.81,25.0,11.0,10.0,22.0,732.0,559.0,559.0,4.0,9.33,10.99,10.44,46.44,46.44,44.08,62.77,6.09,3.4,8.62,2.01,20.52,44.36,5.97,6.09,5.97,69.0,16.0,10.0,95.0,5.0,4.0,1.0,8.0,3.0,13.0,52.0,64.0,80.0,17.0,34.0,191.0,84.0,62.0,29.0,57.0,20.0,8.0,1.7,2.26,2.13,1.0,3.0,1.0,95.0,85.0,85.0,27.0,0.76,1.12,1.12,5.74,5.74,5.69
MIN,2022,MIN,MIN,Team Level,other,82,0.56,0.53,0.54,12223.0,193.88,44.21,13.8,33.25,6.35,99.07,66.32,38.95,44.21,38.95,187.0,76.0,74.0,337.0,34.0,16.0,3.0,26.0,4.0,89.0,94.0,153.0,229.0,7.0,14.0,143.0,32.0,27.0,30.0,121.0,78.0,64.0,4.9,9.67,29.63,3.0,6.0,25.0,337.0,263.0,263.0,12.0,4.1,5.64,5.64,42.66,42.66,38.65,167.15,34.46,11.86,30.23,5.58,82.82,57.07,31.31,34.46,31.31,166.0,56.0,77.0,299.0,35.0,23.0,6.0,20.0,1.0,59.0,84.0,131.0,187.0,15.0,30.0,152.0,33.0,29.0,26.0,106.0,66.0,50.0,4.21,8.22,22.03,1.0,9.0,25.0,299.0,222.0,222.0,13.0,3.42,7.27,7.27,30.6,30.6,29.38
MIN,2022,MIN,MIN,Team Level,all,82,0.51,0.5,0.51,301108.0,2614.25,258.75,181.28,591.9,85.41,1428.64,1061.03,246.01,260.21,247.45,2535.0,1072.0,1187.0,4794.0,239.0,245.0,35.0,533.0,74.0,1159.0,1357.0,2296.0,3368.0,336.0,781.0,2181.0,1784.0,541.0,533.0,2572.0,775.0,260.0,73.51,94.96,90.27,60.0,98.0,81.0,4829.45,3607.0,3632.57,269.0,40.65,49.9,49.9,249.5,250.89,242.84,2532.86,248.36,173.68,585.17,84.28,1401.06,1008.46,235.35,247.3,234.4,2552.0,949.0,1318.0,4819.0,219.0,225.0,27.0,480.0,98.0,1128.0,1351.0,2333.0,3282.0,336.0,790.0,2393.0,1638.0,475.0,590.0,2535.0,720.0,246.0,74.37,86.14,87.86,69.0,84.0,66.0,4792.63,3501.0,3488.72,327.0,38.38,47.43,47.53,239.21,238.53,231.07
MIN,2022,MIN,MIN,Team Level,5on5,82,0.5,0.49,0.5,241553.0,1964.08,162.6,128.26,466.93,64.06,1079.15,820.0,157.88,164.08,159.31,1872.0,849.0,957.0,3678.0,144.0,172.0,20.0,417.0,63.0,874.0,1051.0,1728.0,2577.0,308.0,719.0,1621.0,1665.0,448.0,441.0,2019.0,567.0,135.0,57.18,69.34,36.07,50.0,67.0,27.0,3713.46,2721.0,2746.57,232.0,26.49,30.9,31.11,157.99,159.38,156.91,1966.21,165.05,128.94,473.76,65.7,1085.15,804.39,158.81,163.99,157.86,1974.0,749.0,1037.0,3760.0,140.0,165.0,18.0,383.0,84.0,877.0,1074.0,1834.0,2583.0,281.0,671.0,1815.0,1517.0,382.0,487.0,2034.0,547.0,142.0,59.88,65.09,40.08,60.0,59.0,21.0,3733.63,2723.0,2710.72,287.0,26.61,33.22,33.87,157.79,157.11,154.1
MIN,2022,MIN,MIN,Team Level,4on5,82,0.16,0.14,0.18,24423.0,80.16,8.1,3.87,11.19,2.4,23.83,55.61,7.96,8.1,7.96,84.0,21.0,9.0,114.0,12.0,4.0,0.0,7.0,1.0,16.0,65.0,72.0,93.0,4.0,8.0,195.0,60.0,51.0,20.0,70.0,23.0,12.0,2.12,2.93,3.05,1.0,5.0,6.0,114.0,105.0,105.0,19.0,0.9,1.06,1.06,7.94,7.94,7.93,352.29,43.95,30.43,74.63,11.55,217.78,113.66,40.36,43.95,40.36,361.0,131.0,192.0,684.0,42.0,37.0,3.0,70.0,12.0,180.0,151.0,319.0,450.0,21.0,42.0,243.0,19.0,13.0,52.0,350.0,95.0,47.0,8.97,11.42,23.55,7.0,15.0,20.0,684.0,492.0,492.0,4.0,7.79,6.94,6.38,45.36,45.36,42.17
MIN,2022,MIN,MIN,Team Level,5on4,82,0.9,0.9,0.89,22909.0,376.14,43.84,35.35,80.54,12.59,226.59,119.1,41.22,43.84,41.22,392.0,126.0,147.0,665.0,49.0,53.0,12.0,83.0,6.0,180.0,147.0,343.0,469.0,17.0,40.0,222.0,27.0,15.0,42.0,362.0,107.0,49.0,9.29,13.02,21.52,6.0,20.0,23.0,665.0,518.0,518.0,6.0,9.16,12.3,12.1,40.9,40.9,39.34,47.21,4.9,2.45,6.55,1.45,15.31,33.34,4.87,4.9,4.87,51.0,13.0,12.0,76.0,2.0,0.0,0.0,7.0,1.0,12.0,42.0,49.0,62.0,19.0,47.0,183.0,69.0,51.0,25.0,45.0,12.0,7.0,1.3,1.4,2.2,1.0,1.0,0.0,76.0,64.0,64.0,23.0,0.56,0.0,0.0,5.46,5.46,5.43
CBJ,2022,CBJ,CBJ,Team Level,other,82,0.51,0.51,0.5,9777.0,155.4,32.54,12.64,27.58,5.37,85.57,45.3,27.88,32.54,27.88,149.0,60.0,57.0,266.0,27.0,20.0,2.0,22.0,5.0,85.0,50.0,122.0,182.0,7.0,14.0,122.0,20.0,19.0,20.0,95.0,67.0,47.0,3.51,8.32,20.72,5.0,11.0,11.0,266.0,209.0,209.0,5.0,3.65,7.3,7.3,28.9,28.9,26.1,148.05,31.54,10.78,25.64,5.04,83.07,48.91,29.96,31.54,29.96,140.0,65.0,54.0,259.0,38.0,10.0,4.0,24.0,3.0,72.0,58.0,102.0,167.0,5.0,10.0,120.0,20.0,12.0,13.0,106.0,55.0,44.0,4.02,6.79,20.73,6.0,8.0,24.0,259.0,205.0,205.0,5.0,3.17,2.83,2.83,31.88,31.88,30.48
CBJ,2022,CBJ,CBJ,Team Level,all,82,0.44,0.46,0.45,298020.0,2463.37,236.17,172.04,561.72,81.47,1344.94,979.66,225.01,234.37,223.34,2400.0,976.0,1168.0,4544.0,213.0,220.0,28.0,541.0,80.0,1089.0,1233.0,2187.0,3163.0,277.0,604.0,2332.0,1880.0,535.0,559.0,2440.0,704.0,232.0,72.01,85.27,78.89,74.0,83.0,56.0,4466.68,3376.0,3330.58,279.0,38.12,46.84,46.9,227.39,225.56,219.36,2965.65,297.98,210.46,678.91,97.75,1633.43,1160.46,284.77,302.51,289.16,2906.0,1173.0,1343.0,5422.0,329.0,288.0,50.0,679.0,93.0,1318.0,1372.0,2577.0,3750.0,262.0,572.0,2463.0,1436.0,570.0,566.0,2902.0,865.0,312.0,85.57,106.93,105.48,113.0,117.0,99.0,5568.56,4079.0,4166.29,262.0,46.41,62.14,62.14,282.25,286.42,278.93
CBJ,2022,CBJ,CBJ,Team Level,5on5,82,0.43,0.45,0.45,245209.0,1913.03,164.08,127.09,456.35,63.33,1032.0,779.15,158.72,162.28,157.05,1865.0,757.0,969.0,3591.0,143.0,169.0,22.0,430.0,63.0,824.0,993.0,1722.0,2479.0,237.0,524.0,1813.0,1763.0,467.0,479.0,1947.0,536.0,139.0,59.48,65.08,39.52,59.0,61.0,23.0,3513.68,2622.0,2576.58,258.0,26.28,33.82,33.88,156.47,154.64,152.21,2369.65,213.18,161.02,566.29,77.83,1300.24,946.44,204.7,217.72,209.08,2334.0,931.0,1137.0,4402.0,231.0,237.0,41.0,569.0,80.0,1030.0,1118.0,2103.0,3034.0,229.0,506.0,1945.0,1357.0,475.0,477.0,2385.0,672.0,208.0,70.86,82.97,59.35,97.0,91.0,43.0,4548.56,3265.0,3352.29,233.0,33.35,50.32,50.32,196.21,200.4,196.54
CBJ,2022,CBJ,CBJ,Team Level,4on5,82,0.12,0.14,0.15,21770.0,67.43,6.36,3.51,8.74,1.99,21.31,48.09,6.26,6.36,6.26,72.0,18.0,17.0,107.0,4.0,0.0,0.0,11.0,2.0,17.0,56.0,68.0,86.0,13.0,26.0,189.0,70.0,38.0,17.0,62.0,20.0,8.0,1.69,2.42,2.24,0.0,2.0,2.0,107.0,90.0,90.0,13.0,0.81,0.0,0.0,7.17,7.17,7.06,375.47,45.1,34.86,77.46,12.63,227.88,116.07,42.14,45.1,42.14,356.0,158.0,140.0,654.0,52.0,38.0,5.0,82.0,7.0,202.0,133.0,304.0,462.0,20.0,40.0,214.0,17.0,17.0,52.0,352.0,113.0,49.0,8.95,13.94,22.23,8.0,15.0,29.0,654.0,514.0,514.0,3.0,9.03,8.17,8.17,45.96,45.96,43.82
CBJ,2022,CBJ,CBJ,Team Level,5on4,82,0.8,0.84,0.83,21264.0,327.52,33.19,28.8,69.04,10.78,206.07,107.12,32.16,33.19,32.16,314.0,141.0,125.0,580.0,39.0,31.0,4.0,78.0,10.0,163.0,134.0,275.0,416.0,20.0,40.0,208.0,27.0,11.0,43.0,336.0,81.0,38.0,7.34,9.45,16.4,10.0,9.0,20.0,580.0,455.0,455.0,3.0,7.39,5.71,5.71,34.86,34.86,34.0,72.48,8.15,3.81,9.51,2.26,22.23,49.05,7.97,8.15,7.97,76.0,19.0,12.0,107.0,8.0,3.0,0.0,4.0,3.0,14.0,63.0,68.0,87.0,8.0,16.0,184.0,42.0,66.0,24.0,59.0,25.0,11.0,1.73,3.23,3.18,2.0,3.0,3.0,107.0,95.0,95.0,21.0,0.87,0.82,0.82,8.19,8.19,8.1
PHI,2022,PHI,PHI,Team Level,other,82,0.43,0.45,0.45,10066.0,125.38,26.73,8.7,22.71,4.06,65.23,40.57,25.7,26.73,25.7,125.0,43.0,63.0,231.0,24.0,12.0,2.0,18.0,4.0,52.0,58.0,101.0,144.0,8.0,16.0,95.0,29.0,26.0,15.0,87.0,46.0,35.0,3.27,5.66,17.8,2.0,6.0,16.0,231.0,168.0,168.0,7.0,2.49,3.48,3.48,25.74,25.74,25.3,153.42,35.57,10.18,26.88,4.91,78.11,52.34,33.07,35.57,33.07,157.0,51.0,72.0,280.0,44.0,15.0,3.0,24.0,6.0,64.0,55.0,113.0,164.0,3.0,6.0,134.0,31.0,21.0,23.0,111.0,52.0,45.0,4.46,6.87,24.24,7.0,12.0,25.0,280.0,208.0,208.0,8.0,2.92,5.57,5.57,32.92,32.92,31.64
PHI,2022,PHI,PHI,Team Level,all,82,0.46,0.47,0.48,298379.0,2425.2,231.81,168.16,565.83,80.4,1328.4,974.41,222.82,231.04,222.09,2416.0,933.0,1114.0,4463.0,220.0,212.0,29.0,543.0,88.0,1004.0,1282.0,2196.0,3129.0,302.0,721.0,2095.0,2223.0,514.0,602.0,2454.0,641.0,254.0,69.15,78.59,84.07,78.0,68.0,74.0,4423.58,3349.0,3326.82,407.0,36.67,43.77,43.86,224.62,223.66,218.94,2659.11,272.13,187.68,610.95,87.08,1453.1,1054.06,260.49,274.14,262.38,2586.0,1079.0,1411.0,5076.0,276.0,235.0,28.0,557.0,83.0,1215.0,1299.0,2310.0,3389.0,298.0,708.0,2486.0,1864.0,557.0,722.0,2588.0,801.0,276.0,77.52,99.26,95.35,81.0,110.0,85.0,5135.86,3665.0,3700.9,440.0,41.58,49.96,49.96,263.75,265.71,259.35
PHI,2022,PHI,PHI,Team Level,5on5,82,0.48,0.47,0.49,244131.0,1959.73,165.5,131.53,474.43,65.09,1074.07,797.36,160.68,164.74,159.95,1946.0,762.0,895.0,3603.0,152.0,171.0,23.0,467.0,68.0,792.0,1058.0,1794.0,2556.0,273.0,663.0,1639.0,2095.0,414.0,512.0,2026.0,515.0,167.0,57.15,63.1,45.26,64.0,50.0,38.0,3563.58,2708.0,2685.82,368.0,27.19,33.09,33.18,159.52,158.56,156.43,2061.17,182.51,138.85,495.25,67.34,1129.9,837.15,175.87,184.52,177.76,2012.0,839.0,1146.0,3997.0,174.0,174.0,20.0,471.0,56.0,930.0,1046.0,1838.0,2677.0,270.0,650.0,1909.0,1735.0,451.0,602.0,2070.0,612.0,169.0,61.35,75.5,45.68,63.0,80.0,31.0,4056.86,2851.0,2886.9,392.0,28.76,34.84,35.18,176.1,178.05,174.9
PHI,2022,PHI,PHI,Team Level,4on5,82,0.13,0.14,0.15,22317.0,70.56,7.08,3.8,9.82,2.18,22.19,48.93,7.03,7.08,7.03,76.0,18.0,15.0,109.0,11.0,3.0,0.0,4.0,3.0,16.0,57.0,65.0,83.0,7.0,14.0,179.0,66.0,52.0,31.0,65.0,19.0,10.0,1.9,2.45,2.73,2.0,6.0,3.0,109.0,94.0,94.0,29.0,0.87,0.39,0.39,7.56,7.56,7.53,375.92,47.3,35.23,79.25,12.63,223.67,115.92,44.97,47.3,44.97,339.0,175.0,176.0,690.0,53.0,42.0,5.0,58.0,19.0,207.0,135.0,286.0,461.0,15.0,30.0,241.0,26.0,23.0,58.0,340.0,123.0,51.0,9.73,15.04,22.51,9.0,17.0,27.0,690.0,514.0,514.0,5.0,9.11,8.83,8.48,47.92,47.92,46.09
PHI,2022,PHI,PHI,Team Level,5on4,82,0.83,0.83,0.8,21865.0,269.54,32.5,24.12,58.87,9.06,166.91,87.54,29.41,32.5,29.41,269.0,110.0,141.0,520.0,33.0,26.0,4.0,54.0,13.0,144.0,109.0,236.0,346.0,14.0,28.0,182.0,33.0,22.0,44.0,276.0,61.0,42.0,6.82,7.38,18.29,10.0,6.0,17.0,520.0,379.0,379.0,3.0,6.13,6.82,6.82,31.81,31.81,29.69,68.59,6.75,3.42,9.57,2.2,21.42,48.65,6.58,6.75,6.58,78.0,14.0,17.0,109.0,5.0,4.0,0.0,4.0,2.0,14.0,63.0,73.0,87.0,10.0,22.0,202.0,72.0,62.0,39.0,67.0,14.0,11.0,1.98,1.85,2.92,2.0,1.0,2.0,109.0,92.0,92.0,35.0,0.79,0.72,0.72,6.82,6.82,6.72
ARI,2022,ARI,ARI,Team Level,other,82,0.37,0.41,0.38,9033.0,111.52,25.14,7.56,19.34,3.73,58.0,38.22,23.55,25.14,23.55,111.0,41.0,58.0,210.0,27.0,14.0,2.0,15.0,3.0,51.0,42.0,84.0,125.0,6.0,12.0,98.0,33.0,22.0,26.0,70.0,47.0,35.0,3.04,6.12,15.99,3.0,6.0,18.0,210.0,152.0,152.0,8.0,2.15,3.4,3.4,23.9,23.9,23.21,180.66,42.4,13.63,30.75,5.93,94.99,60.28,39.2,42.4,39.2,170.0,78.0,57.0,305.0,30.0,20.0,6.0,26.0,4.0,89.0,79.0,140.0,218.0,3.0,6.0,129.0,35.0,21.0,19.0,110.0,81.0,57.0,4.87,10.48,27.06,2.0,12.0,16.0,305.0,248.0,248.0,8.0,4.05,8.22,8.22,38.24,38.24,36.13
ARI,2022,ARI,ARI,Team Level,all,82,0.42,0.43,0.43,299509.0,2151.24,223.54,152.25,486.02,69.85,1182.09,849.24,212.72,221.59,210.84,2121.0,842.0,991.0,3954.0,225.0,194.0,27.0,415.0,48.0,984.0,1097.0,1896.0,2738.0,359.0,818.0,2127.0,2095.0,487.0,792.0,2084.0,641.0,238.0,63.78,78.39,81.36,70.0,78.0,77.0,3885.41,2963.0,2927.16,436.0,33.55,40.14,40.14,216.95,215.06,208.19,2899.68,313.28,210.17,661.22,95.39,1598.78,1124.17,296.24,316.69,299.48,2875.0,1128.0,1226.0,5229.0,295.0,269.0,44.0,589.0,90.0,1409.0,1351.0,2580.0,3708.0,292.0,682.0,2508.0,1843.0,539.0,650.0,2788.0,897.0,318.0,85.76,111.94,115.58,95.0,105.0,95.0,5325.48,4003.0,4059.09,293.0,47.59,55.7,55.75,305.12,308.29,297.08
ARI,2022,ARI,ARI,Team Level,5on5,82,0.45,0.45,0.45,236623.0,1701.67,153.64,115.24,402.34,55.46,936.25,685.07,148.53,151.7,146.64,1661.0,687.0,802.0,3150.0,151.0,149.0,22.0,341.0,40.0,779.0,888.0,1510.0,2197.0,323.0,746.0,1617.0,1944.0,399.0,656.0,1709.0,493.0,146.0,52.5,60.24,40.91,59.0,57.0,35.0,3081.41,2348.0,2312.16,383.0,23.86,30.57,30.85,146.66,144.77,142.23,2097.46,188.62,142.38,503.07,68.63,1148.36,847.95,181.74,192.03,184.99,2090.0,809.0,932.0,3831.0,181.0,182.0,28.0,464.0,71.0,990.0,1011.0,1909.0,2718.0,267.0,632.0,1872.0,1709.0,447.0,559.0,2085.0,651.0,163.0,64.49,80.91,43.22,76.0,72.0,33.0,3927.48,2899.0,2955.09,270.0,29.59,35.09,35.15,183.06,186.24,182.67
ARI,2022,ARI,ARI,Team Level,4on5,82,0.08,0.08,0.09,30427.0,54.78,6.23,2.87,7.98,1.68,16.83,37.39,6.13,6.23,6.13,63.0,10.0,8.0,81.0,5.0,4.0,0.0,2.0,0.0,9.0,53.0,58.0,68.0,11.0,24.0,227.0,88.0,57.0,42.0,43.0,20.0,10.0,1.27,2.33,2.62,1.0,3.0,1.0,81.0,73.0,73.0,38.0,0.65,1.15,1.15,5.74,5.74,5.69,562.27,75.11,50.67,118.65,18.89,335.69,176.0,68.37,75.11,68.37,546.0,229.0,219.0,994.0,79.0,65.0,9.0,94.0,14.0,320.0,203.0,467.0,696.0,16.0,32.0,326.0,38.0,21.0,56.0,543.0,143.0,89.0,14.73,17.82,42.55,15.0,20.0,44.0,994.0,775.0,775.0,3.0,13.15,11.45,11.45,76.81,76.81,71.37
ARI,2022,ARI,ARI,Team Level,5on4,82,0.84,0.84,0.83,23426.0,283.28,38.52,26.58,56.35,8.98,171.0,88.56,34.52,38.52,34.52,286.0,104.0,123.0,513.0,42.0,27.0,3.0,57.0,5.0,145.0,114.0,244.0,348.0,19.0,36.0,185.0,30.0,9.0,68.0,262.0,81.0,47.0,6.98,9.69,21.85,7.0,12.0,23.0,513.0,390.0,390.0,7.0,6.88,5.03,4.74,40.65,40.65,37.05,59.29,7.15,3.49,8.76,1.93,19.73,39.94,6.92,7.15,6.92,69.0,12.0,18.0,99.0,5.0,2.0,1.0,5.0,1.0,10.0,58.0,64.0,76.0,6.0,12.0,181.0,61.0,50.0,16.0,50.0,22.0,9.0,1.68,2.73,2.74,2.0,1.0,2.0,99.0,81.0,81.0,12.0,0.8,0.94,0.94,7.0,7.0,6.91
LAK,2022,LAK,LAK,Team Level,other,82,0.53,0.48,0.49,11040.0,150.24,33.29,9.92,25.23,4.85,74.56,58.23,30.97,33.29,30.97,151.0,56.0,59.0,266.0,35.0,8.0,0.0,17.0,7.0,65.0,75.0,116.0,172.0,9.0,18.0,138.0,39.0,14.0,28.0,101.0,63.0,43.0,3.88,7.88,21.52,3.0,11.0,21.0,266.0,207.0,207.0,19.0,2.82,2.95,2.95,33.09,33.09,31.2,159.81,29.41,11.93,28.44,5.33,89.66,54.23,27.52,29.41,27.52,150.0,69.0,65.0,284.0,30.0,13.0,1.0,30.0,8.0,73.0,65.0,120.0,189.0,6.0,14.0,129.0,39.0,26.0,18.0,111.0,71.0,37.0,4.6,8.7,16.1,7.0,9.0,14.0,284.0,219.0,219.0,8.0,3.42,3.5,3.5,29.32,29.32,28.09
LAK,2022,LAK,LAK,Team Level,all,82,0.53,0.52,0.53,299360.0,2657.44,268.81,183.07,610.42,87.52,1460.19,1058.06,256.08,269.44,256.71,2659.0,1010.0,1201.0,4870.0,274.0,218.0,32.0,587.0,87.0,1229.0,1274.0,2385.0,3395.0,311.0,669.0,2438.0,1742.0,415.0,623.0,2581.0,811.0,277.0,74.9,99.06,94.86,80.0,108.0,86.0,4899.31,3669.0,3693.28,436.0,40.48,47.92,47.98,261.25,261.82,253.85,2371.7,236.29,166.46,535.59,77.53,1312.21,942.92,225.81,236.32,225.88,2289.0,982.0,1308.0,4579.0,254.0,204.0,30.0,526.0,76.0,1076.0,1135.0,2035.0,3017.0,310.0,660.0,2134.0,2266.0,487.0,556.0,2331.0,707.0,233.0,68.43,86.48,81.39,94.0,84.0,76.0,4569.8,3271.0,3266.72,367.0,36.95,45.5,45.5,227.73,228.14,222.25
LAK,2022,LAK,LAK,Team Level,5on5,82,0.53,0.52,0.54,239763.0,2086.37,180.3,137.11,503.29,68.64,1149.28,845.4,172.96,180.94,173.59,2077.0,807.0,965.0,3849.0,169.0,174.0,27.0,489.0,65.0,976.0,1011.0,1908.0,2715.0,270.0,584.0,1830.0,1603.0,358.0,504.0,2118.0,594.0,172.0,61.72,71.75,46.83,61.0,74.0,34.0,3878.31,2884.0,2908.28,366.0,28.35,37.36,37.42,171.24,171.82,168.29,1798.13,158.72,120.87,424.92,58.63,985.08,730.78,151.79,158.74,151.86,1717.0,762.0,1023.0,3502.0,159.0,154.0,18.0,417.0,55.0,799.0,895.0,1558.0,2320.0,277.0,589.0,1589.0,2110.0,409.0,440.0,1800.0,537.0,142.0,53.17,66.64,38.9,74.0,60.0,25.0,3492.8,2479.0,2474.72,299.0,25.02,32.09,32.53,151.2,151.6,148.42
LAK,2022,LAK,LAK,Team Level,4on5,82,0.12,0.1,0.13,24550.0,55.24,5.84,2.87,7.66,1.78,17.99,38.86,5.81,5.84,5.81,68.0,7.0,5.0,80.0,7.0,1.0,1.0,3.0,0.0,12.0,52.0,61.0,68.0,9.0,18.0,195.0,69.0,36.0,47.0,51.0,16.0,8.0,1.4,2.1,2.34,3.0,2.0,2.0,80.0,75.0,75.0,47.0,0.66,0.47,0.47,6.01,6.01,5.98,354.79,42.67,30.82,73.68,11.59,218.44,114.81,41.08,42.67,41.08,353.0,139.0,206.0,698.0,57.0,35.0,11.0,75.0,12.0,187.0,126.0,296.0,435.0,19.0,38.0,231.0,29.0,13.0,39.0,360.0,86.0,46.0,8.8,9.63,24.24,12.0,11.0,34.0,698.0,492.0,492.0,4.0,7.86,9.39,8.95,41.58,41.58,40.15
LAK,2022,LAK,LAK,Team Level,5on4,82,0.9,0.88,0.86,24007.0,365.59,49.39,33.18,74.24,12.26,218.36,115.58,46.35,49.39,46.35,363.0,140.0,172.0,675.0,63.0,35.0,4.0,78.0,15.0,176.0,136.0,300.0,440.0,23.0,49.0,275.0,31.0,7.0,44.0,311.0,138.0,54.0,7.9,17.33,24.16,13.0,21.0,29.0,675.0,503.0,503.0,4.0,8.65,7.14,7.14,50.9,50.9,48.39,58.99,5.5,2.85,8.54,1.98,19.03,43.1,5.42,5.5,5.42,69.0,12.0,14.0,95.0,8.0,2.0,0.0,4.0,1.0,17.0,49.0,61.0,73.0,8.0,19.0,185.0,88.0,39.0,59.0,60.0,13.0,8.0,1.86,1.51,2.14,1.0,4.0,3.0,95.0,81.0,81.0,56.0,0.65,0.53,0.53,5.62,5.62,5.6
TBL,2022,TBL,TBL,Team Level,other,82,0.56,0.55,0.57,11217.0,186.36,44.51,13.54,32.74,6.49,99.99,56.75,40.84,44.51,40.84,184.0,70.0,68.0,322.0,37.0,20.0,4.0,43.0,4.0,87.0,63.0,147.0,217.0,6.0,12.0,150.0,38.0,27.0,24.0,122.0,73.0,59.0,5.11,9.16,30.23,6.0,4.0,27.0,322.0,254.0,254.0,10.0,4.05,7.95,7.95,40.6,40.6,37.87,141.08,34.98,9.95,25.24,4.64,72.65,44.55,32.95,34.98,32.95,147.0,45.0,76.0,268.0,34.0,11.0,2.0,23.0,5.0,62.0,57.0,113.0,158.0,10.0,20.0,142.0,41.0,25.0,28.0,88.0,58.0,46.0,3.34,7.36,24.28,4.0,9.0,21.0,268.0,192.0,192.0,10.0,2.88,3.45,3.71,34.15,34.15,32.92
TBL,2022,TBL,TBL,Team Level,all,82,0.52,0.51,0.51,297966.0,2670.35,293.47,193.12,596.67,88.84,1476.34,1051.55,278.17,294.37,279.06,2621.0,1079.0,1214.0,4914.0,280.0,250.0,41.0,580.0,97.0,1247.0,1246.0,2341.0,3420.0,344.0,801.0,2364.0,2026.0,767.0,780.0,2497.0,905.0,298.0,76.9,109.99,106.58,71.0,107.0,102.0,4950.34,3700.0,3717.42,369.0,43.14,55.49,55.49,281.12,281.84,273.27,2538.17,270.89,182.89,578.68,84.55,1395.13,995.84,257.97,271.33,258.39,2582.0,926.0,1148.0,4656.0,252.0,240.0,28.0,531.0,86.0,1082.0,1317.0,2330.0,3256.0,359.0,848.0,2216.0,2248.0,840.0,574.0,2441.0,781.0,286.0,72.73,96.93,101.24,78.0,87.0,87.0,4651.87,3508.0,3510.54,264.0,40.64,51.97,52.4,259.13,259.75,253.35
TBL,2022,TBL,TBL,Team Level,5on5,82,0.51,0.51,0.51,238524.0,2037.5,189.8,142.28,480.5,68.09,1129.74,823.59,181.47,190.7,182.36,1991.0,843.0,970.0,3804.0,175.0,200.0,31.0,463.0,78.0,948.0,970.0,1816.0,2659.0,303.0,719.0,1783.0,1859.0,622.0,655.0,2008.0,655.0,171.0,62.05,80.2,47.54,56.0,76.0,43.0,3840.34,2834.0,2851.42,331.0,29.53,40.56,40.56,178.76,179.49,175.92,1948.7,180.05,133.79,464.91,64.89,1071.11,785.25,172.93,180.48,173.37,1992.0,708.0,890.0,3590.0,162.0,188.0,21.0,444.0,62.0,809.0,1035.0,1830.0,2538.0,313.0,754.0,1659.0,2065.0,692.0,472.0,1938.0,586.0,176.0,57.96,72.69,49.4,63.0,61.0,38.0,3585.87,2700.0,2702.54,236.0,27.73,38.92,38.66,169.12,169.73,166.84
TBL,2022,TBL,TBL,Team Level,4on5,82,0.15,0.14,0.17,23795.0,77.25,8.32,4.05,10.52,2.31,23.89,54.92,8.13,8.32,8.13,79.0,25.0,12.0,116.0,5.0,5.0,0.0,10.0,0.0,20.0,64.0,74.0,99.0,11.0,22.0,197.0,85.0,81.0,23.0,67.0,27.0,10.0,2.18,3.46,2.69,1.0,2.0,2.0,116.0,104.0,104.0,21.0,0.94,1.33,1.33,7.93,7.93,7.86,375.75,48.32,35.3,78.85,12.89,228.64,115.99,44.58,48.32,44.58,368.0,152.0,167.0,687.0,48.0,38.0,5.0,59.0,15.0,198.0,162.0,320.0,472.0,24.0,48.0,229.0,50.0,34.0,56.0,351.0,113.0,56.0,9.41,13.74,25.17,9.0,15.0,24.0,687.0,520.0,520.0,3.0,9.13,9.06,9.49,47.96,47.96,45.71
TBL,2022,TBL,TBL,Team Level,5on4,82,0.87,0.86,0.84,24430.0,369.23,50.85,33.25,72.92,11.94,222.73,116.31,47.73,50.85,47.73,367.0,141.0,164.0,672.0,63.0,25.0,6.0,64.0,15.0,192.0,149.0,304.0,445.0,24.0,48.0,234.0,44.0,37.0,78.0,300.0,150.0,58.0,7.57,17.16,26.12,8.0,25.0,30.0,672.0,508.0,508.0,7.0,8.63,5.65,5.65,53.82,53.82,51.6,72.63,7.55,3.85,9.68,2.12,22.74,50.05,7.49,7.55,7.49,75.0,21.0,15.0,111.0,8.0,3.0,0.0,5.0,4.0,13.0,63.0,67.0,88.0,12.0,26.0,186.0,92.0,89.0,18.0,64.0,24.0,8.0,2.02,3.15,2.39,2.0,2.0,4.0,111.0,96.0,96.0,15.0,0.89,0.54,0.54,7.9,7.9,7.88
DET,2022,DET,DET,Team Level,other,82,0.55,0.5,0.5,11641.0,154.66,34.48,11.1,28.07,5.16,79.08,51.11,32.22,34.48,32.22,145.0,64.0,64.0,273.0,35.0,15.0,3.0,22.0,5.0,64.0,68.0,110.0,174.0,12.0,25.0,136.0,35.0,18.0,18.0,113.0,49.0,47.0,4.54,5.59,24.35,7.0,7.0,21.0,273.0,209.0,209.0,10.0,3.25,4.75,4.75,32.97,32.97,31.79,148.53,28.23,11.41,27.52,5.08,82.91,51.85,26.41,28.23,26.41,143.0,64.0,66.0,273.0,30.0,8.0,0.0,27.0,4.0,71.0,67.0,113.0,177.0,5.0,13.0,141.0,37.0,22.0,20.0,122.0,44.0,41.0,4.73,5.33,18.16,5.0,8.0,17.0,273.0,207.0,207.0,10.0,3.33,1.25,1.25,30.32,30.32,28.34
DET,2022,DET,DET,Team Level,all,82,0.48,0.47,0.48,298995.0,2312.56,228.63,158.26,539.95,76.27,1278.73,921.17,218.04,228.29,217.8,2312.0,891.0,1086.0,4289.0,237.0,206.0,26.0,484.0,60.0,1023.0,1193.0,2075.0,2966.0,296.0,608.0,2229.0,1812.0,472.0,580.0,2377.0,585.0,241.0,68.46,70.59,89.59,91.0,70.0,76.0,4256.52,3203.0,3186.62,321.0,35.35,48.32,48.39,215.59,215.44,210.61,2528.66,247.34,176.7,591.45,86.08,1412.89,1015.54,233.57,248.31,234.53,2496.0,1034.0,1282.0,4812.0,275.0,231.0,45.0,516.0,58.0,1209.0,1241.0,2221.0,3255.0,307.0,640.0,2308.0,1588.0,429.0,673.0,2615.0,652.0,263.0,78.1,79.43,89.81,112.0,84.0,79.0,4851.82,3530.0,3553.47,350.0,39.31,44.55,44.79,241.85,242.55,232.42
DET,2022,DET,DET,Team Level,5on5,82,0.47,0.46,0.47,239654.0,1724.81,144.34,112.68,424.16,57.26,955.48,708.08,138.28,143.99,138.05,1727.0,675.0,836.0,3238.0,146.0,160.0,16.0,381.0,43.0,755.0,917.0,1581.0,2256.0,257.0,526.0,1639.0,1648.0,379.0,489.0,1830.0,433.0,139.0,51.76,52.98,39.58,74.0,50.0,22.0,3205.52,2402.0,2385.62,284.0,23.26,35.24,35.44,132.16,132.0,129.92,1969.69,164.53,131.48,483.97,67.25,1101.01,805.77,158.08,165.5,159.05,1933.0,821.0,1044.0,3798.0,185.0,191.0,35.0,412.0,48.0,944.0,974.0,1748.0,2569.0,267.0,556.0,1724.0,1467.0,351.0,572.0,2109.0,493.0,152.0,62.57,60.2,41.76,90.0,63.0,32.0,3837.82,2754.0,2777.47,303.0,27.17,36.29,36.85,154.86,155.54,152.52
DET,2022,DET,DET,Team Level,4on5,82,0.09,0.13,0.15,22595.0,60.02,5.0,2.74,8.65,1.83,18.88,43.9,4.98,5.0,4.98,69.0,12.0,10.0,91.0,5.0,1.0,0.0,6.0,0.0,14.0,55.0,64.0,76.0,10.0,23.0,191.0,93.0,48.0,25.0,61.0,13.0,7.0,1.67,1.49,1.84,1.0,3.0,1.0,91.0,81.0,81.0,24.0,0.64,0.25,0.25,5.39,5.39,5.37,342.3,48.9,30.47,70.06,11.69,207.06,108.83,43.43,48.9,43.43,345.0,132.0,158.0,635.0,50.0,31.0,9.0,72.0,6.0,180.0,138.0,295.0,427.0,25.0,51.0,229.0,21.0,16.0,45.0,313.0,101.0,63.0,8.88,12.28,27.74,12.0,10.0,28.0,635.0,477.0,477.0,1.0,8.03,6.91,6.59,50.34,50.34,45.25
DET,2022,DET,DET,Team Level,5on4,82,0.89,0.87,0.85,25105.0,373.08,44.82,31.74,79.07,12.01,225.28,118.08,42.56,44.82,42.56,371.0,140.0,176.0,687.0,51.0,30.0,7.0,75.0,12.0,190.0,153.0,320.0,460.0,17.0,34.0,263.0,36.0,27.0,48.0,373.0,90.0,48.0,10.47,10.53,23.82,9.0,10.0,32.0,687.0,511.0,511.0,3.0,8.2,8.08,7.95,45.07,45.07,43.52,68.13,5.69,3.34,9.91,2.06,21.92,49.08,5.65,5.69,5.65,75.0,17.0,14.0,106.0,10.0,1.0,1.0,5.0,0.0,14.0,62.0,65.0,82.0,10.0,20.0,214.0,63.0,40.0,36.0,71.0,14.0,7.0,1.92,1.61,2.16,5.0,3.0,2.0,106.0,92.0,92.0,36.0,0.77,0.11,0.11,6.35,6.35,6.3
COL,2022,COL,COL,Team Level,other,82,0.53,0.58,0.57,9324.0,173.1,33.52,12.85,32.23,6.52,97.13,57.76,32.13,33.52,32.13,163.0,77.0,72.0,312.0,38.0,16.0,3.0,24.0,4.0,99.0,59.0,125.0,202.0,6.0,12.0,138.0,33.0,9.0,19.0,136.0,57.0,47.0,4.98,7.05,21.48,2.0,10.0,26.0,312.0,240.0,240.0,4.0,3.85,4.91,4.33,33.05,33.05,31.77,132.14,30.15,9.74,23.15,4.68,68.03,44.25,27.34,30.15,27.34,127.0,53.0,50.0,230.0,25.0,14.0,2.0,22.0,12.0,52.0,55.0,102.0,155.0,6.0,12.0,125.0,27.0,11.0,17.0,84.0,49.0,47.0,3.06,6.05,21.04,6.0,4.0,15.0,230.0,180.0,180.0,4.0,2.86,5.14,5.14,27.86,27.86,26.71
COL,2022,COL,COL,Team Level,all,82,0.52,0.53,0.52,299806.0,2623.87,263.4,186.31,594.44,86.79,1491.13,1051.93,253.74,267.06,257.28,2729.0,945.0,1330.0,5004.0,274.0,208.0,32.0,600.0,95.0,1168.0,1329.0,2455.0,3400.0,287.0,629.0,2256.0,1613.0,607.0,541.0,2688.0,726.0,260.0,82.19,88.33,92.88,90.0,94.0,90.0,5092.69,3674.0,3727.88,250.0,41.42,49.05,49.05,255.77,259.02,252.81,2461.75,245.83,175.22,562.91,81.99,1363.59,981.47,232.56,244.5,231.33,2540.0,871.0,1114.0,4525.0,223.0,245.0,31.0,606.0,77.0,1038.0,1222.0,2317.0,3188.0,299.0,653.0,2574.0,1879.0,592.0,516.0,2483.0,665.0,263.0,72.22,82.8,90.81,78.0,77.0,68.0,4469.39,3411.0,3377.72,268.0,38.82,54.03,54.07,230.58,229.29,223.27
COL,2022,COL,COL,Team Level,5on5,82,0.52,0.52,0.51,241522.0,2023.45,176.73,136.55,477.87,66.14,1144.99,835.72,171.3,180.39,174.84,2120.0,718.0,1104.0,3942.0,174.0,147.0,21.0,496.0,73.0,873.0,1075.0,1946.0,2664.0,265.0,585.0,1765.0,1482.0,532.0,449.0,2132.0,549.0,157.0,65.57,67.25,43.91,76.0,66.0,32.0,4030.7,2838.0,2891.88,220.0,28.15,33.49,33.65,171.23,174.47,171.63,1933.9,160.66,129.26,462.63,64.22,1072.87,796.37,154.34,159.33,153.11,1998.0,688.0,925.0,3611.0,145.0,179.0,20.0,517.0,52.0,815.0,978.0,1853.0,2541.0,266.0,585.0,1974.0,1748.0,499.0,422.0,2043.0,494.0,149.0,59.22,61.1,40.33,66.0,56.0,23.0,3555.39,2686.0,2652.72,232.0,26.77,35.47,35.5,151.92,150.63,147.84
COL,2022,COL,COL,Team Level,4on5,82,0.1,0.12,0.14,24056.0,57.9,5.38,2.81,7.99,1.67,18.25,40.91,5.23,5.38,5.23,66.0,11.0,7.0,84.0,5.0,4.0,2.0,5.0,2.0,9.0,52.0,61.0,72.0,5.0,10.0,173.0,73.0,48.0,21.0,56.0,14.0,7.0,1.69,1.76,1.93,1.0,2.0,2.0,84.0,77.0,77.0,20.0,0.64,1.14,1.14,4.88,4.88,4.86,344.47,50.7,33.46,69.62,11.36,204.6,103.25,46.59,50.7,46.59,347.0,126.0,131.0,604.0,49.0,51.0,9.0,61.0,11.0,162.0,139.0,298.0,424.0,16.0,32.0,232.0,28.0,15.0,45.0,299.0,111.0,63.0,8.15,14.26,28.29,6.0,15.0,28.0,604.0,473.0,473.0,4.0,8.56,13.41,13.41,45.86,45.86,43.81
COL,2022,COL,COL,Team Level,5on4,82,0.92,0.89,0.88,24904.0,369.42,47.77,34.11,76.36,12.47,230.76,117.54,45.07,47.77,45.07,380.0,139.0,147.0,666.0,57.0,41.0,6.0,75.0,16.0,187.0,143.0,323.0,462.0,11.0,22.0,180.0,25.0,18.0,52.0,364.0,106.0,49.0,9.95,12.26,25.56,11.0,16.0,30.0,666.0,519.0,519.0,6.0,8.78,9.51,9.93,46.62,46.62,44.55,51.23,4.33,2.76,7.52,1.72,18.08,37.59,4.3,4.33,4.3,68.0,4.0,8.0,80.0,4.0,1.0,0.0,6.0,2.0,9.0,50.0,64.0,68.0,11.0,24.0,243.0,76.0,67.0,32.0,57.0,11.0,4.0,1.78,1.4,1.15,0.0,2.0,2.0,80.0,72.0,72.0,28.0,0.63,0.01,0.01,4.95,4.95,4.91
VGK,2022,VGK,VGK,Team Level,other,82,0.49,0.47,0.47,10459.0,136.47,28.48,10.28,24.66,4.8,74.09,46.69,27.53,28.48,27.53,141.0,48.0,75.0,264.0,33.0,14.0,4.0,21.0,5.0,67.0,49.0,108.0,156.0,7.0,14.0,123.0,47.0,32.0,20.0,115.0,35.0,39.0,4.07,4.55,19.86,7.0,7.0,19.0,264.0,189.0,189.0,8.0,2.9,3.42,3.42,27.96,27.96,27.32,155.02,29.77,11.87,27.35,5.1,88.93,52.98,28.96,29.77,28.96,156.0,60.0,85.0,301.0,27.0,12.0,0.0,32.0,4.0,78.0,63.0,129.0,189.0,2.0,2.0,124.0,33.0,32.0,26.0,129.0,48.0,39.0,5.21,5.67,18.89,6.0,7.0,14.0,301.0,216.0,216.0,9.0,3.3,3.31,3.31,29.75,29.75,29.12
VGK,2022,VGK,VGK,Team Level,all,82,0.53,0.49,0.5,299852.0,2558.24,265.92,182.4,589.73,84.93,1393.35,1006.74,254.09,269.26,257.29,2587.0,937.0,1262.0,4786.0,267.0,242.0,45.0,526.0,85.0,1107.0,1297.0,2320.0,3257.0,235.0,523.0,2445.0,1930.0,718.0,575.0,2489.0,739.0,296.0,72.5,92.94,100.49,79.0,95.0,93.0,4860.86,3524.0,3569.58,278.0,40.19,52.33,52.42,253.63,256.64,250.64,2573.42,237.71,176.48,606.83,85.31,1425.68,1030.99,228.44,236.23,227.02,2534.0,1029.0,1493.0,5056.0,225.0,230.0,32.0,579.0,91.0,1179.0,1259.0,2309.0,3338.0,250.0,544.0,2234.0,2334.0,678.0,694.0,2676.0,646.0,241.0,76.24,78.44,83.02,72.0,83.0,70.0,5007.25,3563.0,3542.41,318.0,38.6,45.83,46.38,229.93,228.71,223.72
VGK,2022,VGK,VGK,Team Level,5on5,82,0.52,0.48,0.49,252201.0,2042.48,186.71,139.4,489.33,67.74,1105.09,827.79,178.18,190.04,181.38,2059.0,758.0,1047.0,3864.0,187.0,187.0,34.0,432.0,67.0,870.0,1074.0,1872.0,2630.0,211.0,477.0,1938.0,1807.0,626.0,497.0,2033.0,600.0,184.0,59.37,75.11,52.23,68.0,76.0,43.0,3938.86,2817.0,2862.58,252.0,28.93,39.68,40.02,175.55,178.55,175.15,2111.02,170.69,138.89,517.17,70.12,1164.5,861.65,164.44,169.2,163.03,2054.0,869.0,1233.0,4156.0,160.0,187.0,26.0,493.0,78.0,947.0,1058.0,1894.0,2763.0,232.0,512.0,1787.0,2217.0,568.0,604.0,2253.0,517.0,153.0,63.96,63.12,43.62,63.0,67.0,30.0,4107.25,2923.0,2902.41,294.0,28.67,36.87,37.56,161.81,160.58,157.89
VGK,2022,VGK,VGK,Team Level,4on5,82,0.18,0.12,0.15,17054.0,45.58,6.78,2.87,6.18,1.47,14.29,28.4,6.7,6.78,6.7,54.0,6.0,11.0,71.0,9.0,2.0,1.0,2.0,0.0,11.0,36.0,45.0,51.0,7.0,14.0,139.0,45.0,44.0,19.0,31.0,17.0,12.0,0.9,2.32,3.56,0.0,4.0,5.0,71.0,60.0,60.0,14.0,0.66,0.48,0.48,6.95,6.95,6.9,254.71,31.29,22.98,54.42,8.33,155.48,80.51,29.27,31.29,29.27,263.0,90.0,159.0,512.0,35.0,26.0,4.0,48.0,8.0,144.0,92.0,228.0,318.0,11.0,20.0,164.0,22.0,23.0,50.0,247.0,66.0,40.0,5.8,7.62,17.86,3.0,8.0,24.0,512.0,353.0,353.0,2.0,6.0,4.14,4.01,33.27,33.27,31.65
VGK,2022,VGK,VGK,Team Level,5on4,82,0.88,0.87,0.87,20138.0,333.71,43.96,29.85,69.54,10.92,199.88,103.85,41.69,43.96,41.69,333.0,125.0,129.0,587.0,38.0,39.0,6.0,71.0,13.0,159.0,138.0,295.0,420.0,10.0,18.0,245.0,31.0,16.0,39.0,310.0,87.0,61.0,8.16,10.96,24.84,4.0,8.0,26.0,587.0,458.0,458.0,4.0,7.71,8.75,8.5,43.16,43.16,41.25,52.67,5.96,2.75,7.89,1.77,16.77,35.85,5.77,5.96,5.77,61.0,10.0,16.0,87.0,3.0,5.0,2.0,6.0,1.0,10.0,46.0,58.0,68.0,5.0,10.0,159.0,62.0,55.0,14.0,47.0,15.0,9.0,1.27,2.04,2.66,0.0,1.0,2.0,87.0,71.0,71.0,13.0,0.63,1.51,1.51,5.09,5.09,5.06
STL,2022,STL,STL,Team Level,other,82,0.35,0.44,0.41,8578.0,98.98,19.63,6.88,17.38,3.24,52.88,35.99,19.36,19.63,19.36,103.0,33.0,56.0,192.0,28.0,6.0,2.0,20.0,2.0,37.0,43.0,75.0,108.0,4.0,6.0,92.0,17.0,22.0,8.0,70.0,45.0,21.0,2.75,5.85,11.03,5.0,10.0,13.0,192.0,136.0,136.0,5.0,1.92,1.03,1.03,20.52,20.52,20.33,142.64,36.35,10.46,22.95,4.61,78.19,45.45,34.61,36.35,34.61,142.0,56.0,50.0,248.0,42.0,8.0,3.0,21.0,3.0,69.0,55.0,100.0,156.0,3.0,6.0,99.0,19.0,34.0,22.0,95.0,54.0,49.0,3.96,6.78,25.61,7.0,6.0,29.0,248.0,198.0,198.0,10.0,3.01,2.69,3.23,36.13,36.13,34.69
STL,2022,STL,STL,Team Level,all,82,0.44,0.46,0.46,298168.0,2322.15,220.89,161.11,524.93,74.12,1285.35,933.6,214.51,221.24,214.86,2341.0,859.0,996.0,4196.0,260.0,165.0,27.0,454.0,78.0,1033.0,1210.0,2081.0,2940.0,254.0,559.0,2150.0,1814.0,684.0,623.0,2322.0,678.0,200.0,69.45,82.2,69.25,95.0,92.0,73.0,4174.77,3200.0,3192.76,365.0,35.2,34.76,34.77,221.32,221.73,218.19,2696.93,281.49,190.41,618.67,88.89,1472.66,1068.87,268.75,282.76,270.04,2653.0,1068.0,1173.0,4894.0,298.0,262.0,47.0,530.0,67.0,1213.0,1351.0,2355.0,3423.0,276.0,606.0,2284.0,1513.0,849.0,627.0,2625.0,812.0,284.0,79.72,99.45,102.3,89.0,109.0,100.0,4931.26,3721.0,3740.68,352.0,41.9,54.67,54.67,268.71,269.96,262.77
STL,2022,STL,STL,Team Level,5on5,82,0.45,0.46,0.46,246100.0,1848.86,155.86,123.4,436.25,59.17,1017.65,756.66,151.94,156.21,152.29,1875.0,674.0,808.0,3357.0,180.0,131.0,19.0,365.0,66.0,831.0,976.0,1695.0,2369.0,233.0,518.0,1673.0,1729.0,596.0,540.0,1889.0,532.0,128.0,57.41,64.55,33.9,79.0,69.0,32.0,3335.77,2549.0,2541.76,333.0,25.44,27.04,27.18,154.13,154.54,152.48,2147.0,191.95,145.37,516.78,71.33,1170.09,869.48,184.01,193.23,185.3,2103.0,862.0,1000.0,3965.0,188.0,213.0,36.0,439.0,56.0,963.0,1106.0,1915.0,2777.0,257.0,568.0,1810.0,1415.0,726.0,534.0,2160.0,633.0,172.0,65.84,77.75,48.36,67.0,84.0,37.0,4002.26,2965.0,2984.68,312.0,30.11,42.57,42.02,180.04,181.29,177.76
STL,2022,STL,STL,Team Level,4on5,82,0.14,0.12,0.15,19977.0,60.08,7.33,3.22,8.15,1.83,18.53,39.95,7.06,7.33,7.06,62.0,17.0,3.0,82.0,6.0,7.0,1.0,5.0,1.0,14.0,46.0,56.0,73.0,8.0,19.0,165.0,40.0,51.0,24.0,49.0,19.0,11.0,1.61,2.39,3.32,1.0,2.0,3.0,82.0,79.0,79.0,22.0,0.73,2.3,2.3,5.77,5.77,5.73,334.51,45.01,30.68,68.97,10.8,201.72,104.83,42.07,45.01,42.07,331.0,131.0,113.0,575.0,55.0,37.0,6.0,64.0,8.0,165.0,133.0,276.0,407.0,11.0,22.0,192.0,20.0,18.0,43.0,313.0,97.0,52.0,8.04,11.31,25.66,9.0,17.0,29.0,575.0,462.0,462.0,3.0,7.91,8.44,8.44,44.48,44.48,42.28
STL,2022,STL,STL,Team Level,5on4,82,0.82,0.84,0.82,23513.0,314.22,38.07,27.6,63.15,9.88,196.3,101.0,36.14,38.07,36.14,301.0,135.0,129.0,565.0,46.0,21.0,5.0,64.0,9.0,151.0,145.0,255.0,390.0,9.0,16.0,220.0,28.0,15.0,51.0,314.0,82.0,40.0,7.67,9.4,21.0,10.0,11.0,25.0,565.0,436.0,436.0,5.0,7.1,4.4,4.26,40.91,40.91,39.67,72.78,8.18,3.92,9.98,2.15,22.65,49.12,8.06,8.18,8.06,77.0,19.0,10.0,106.0,13.0,4.0,2.0,6.0,0.0,16.0,57.0,64.0,83.0,5.0,10.0,183.0,59.0,71.0,28.0,57.0,28.0,11.0,1.88,3.62,2.68,6.0,2.0,5.0,106.0,96.0,96.0,27.0,0.87,0.98,0.98,8.07,8.07,8.03
VAN,2022,VAN,VAN,Team Level,other,82,0.53,0.56,0.56,9279.0,162.07,31.82,12.27,29.27,5.53,90.03,55.08,29.32,31.82,29.32,149.0,75.0,65.0,289.0,33.0,13.0,2.0,19.0,5.0,77.0,77.0,116.0,191.0,5.0,10.0,111.0,25.0,21.0,21.0,122.0,55.0,47.0,4.62,6.74,20.47,7.0,8.0,18.0,289.0,224.0,224.0,7.0,3.56,4.17,4.17,31.21,31.21,29.34,124.74,28.53,8.84,21.23,4.14,68.47,43.78,26.79,28.53,26.79,125.0,50.0,53.0,228.0,33.0,5.0,2.0,22.0,10.0,51.0,54.0,92.0,142.0,6.0,15.0,111.0,26.0,16.0,18.0,90.0,53.0,32.0,3.53,6.92,18.08,3.0,14.0,16.0,228.0,175.0,175.0,10.0,2.51,1.75,1.75,29.3,29.3,27.55
VAN,2022,VAN,VAN,Team Level,all,82,0.48,0.49,0.49,299507.0,2422.93,245.86,177.5,553.08,81.27,1375.8,953.49,234.87,245.31,234.35,2438.0,949.0,1127.0,4514.0,270.0,230.0,38.0,508.0,95.0,1055.0,1229.0,2168.0,3117.0,286.0,680.0,2273.0,2024.0,519.0,562.0,2446.0,680.0,261.0,71.34,82.43,92.08,77.0,102.0,91.0,4490.54,3387.0,3369.46,315.0,39.87,50.11,50.29,235.43,234.89,228.53,2537.51,262.51,181.73,583.29,84.68,1393.89,1010.91,249.65,264.33,251.45,2527.0,990.0,1139.0,4656.0,296.0,253.0,40.0,506.0,93.0,1152.0,1217.0,2231.0,3221.0,312.0,728.0,2320.0,1649.0,489.0,619.0,2499.0,733.0,285.0,75.23,90.35,96.93,106.0,92.0,98.0,4708.26,3517.0,3554.99,354.0,40.28,54.29,54.36,248.44,250.41,243.39
VAN,2022,VAN,VAN,Team Level,5on5,82,0.46,0.48,0.48,243389.0,1801.93,156.24,124.38,430.54,60.11,1013.44,734.29,150.66,155.7,150.12,1848.0,671.0,862.0,3381.0,170.0,169.0,32.0,418.0,73.0,752.0,937.0,1678.0,2349.0,258.0,624.0,1700.0,1904.0,443.0,466.0,1880.0,495.0,144.0,55.86,59.81,40.57,62.0,72.0,36.0,3357.54,2519.0,2501.46,286.0,25.7,35.97,36.36,145.58,145.04,142.98,1998.15,180.11,136.59,479.95,66.92,1102.26,811.18,172.35,181.94,174.14,1989.0,788.0,941.0,3718.0,193.0,199.0,28.0,425.0,71.0,926.0,963.0,1796.0,2584.0,289.0,681.0,1811.0,1535.0,402.0,533.0,2043.0,547.0,187.0,61.61,67.66,50.84,86.0,62.0,45.0,3770.26,2777.0,2814.99,317.0,28.38,40.36,40.77,167.73,169.7,166.33
VAN,2022,VAN,VAN,Team Level,4on5,82,0.12,0.11,0.12,21113.0,50.38,6.39,2.88,6.96,1.5,14.89,31.38,6.28,6.39,6.28,56.0,8.0,9.0,73.0,10.0,2.0,0.0,3.0,0.0,4.0,45.0,46.0,54.0,10.0,20.0,177.0,77.0,38.0,19.0,37.0,15.0,12.0,1.34,2.1,2.94,3.0,3.0,4.0,73.0,64.0,64.0,18.0,0.65,0.29,0.29,6.75,6.75,6.65,345.27,47.05,32.76,72.54,11.58,201.83,107.22,43.74,47.05,43.74,335.0,138.0,137.0,610.0,58.0,49.0,10.0,50.0,12.0,162.0,142.0,277.0,415.0,12.0,22.0,227.0,19.0,17.0,41.0,306.0,110.0,57.0,8.41,12.94,25.7,13.0,13.0,32.0,610.0,473.0,473.0,3.0,8.56,12.18,11.84,43.78,43.78,41.92
VAN,2022,VAN,VAN,Team Level,5on4,82,0.88,0.89,0.86,25726.0,408.54,51.41,37.97,86.31,14.12,257.44,132.75,48.63,51.41,48.63,385.0,195.0,191.0,771.0,57.0,46.0,4.0,68.0,17.0,222.0,170.0,328.0,523.0,13.0,26.0,285.0,18.0,17.0,56.0,407.0,115.0,58.0,9.52,13.78,28.1,5.0,19.0,33.0,771.0,580.0,580.0,4.0,9.95,9.68,9.46,51.9,51.9,49.56,69.35,6.81,3.54,9.57,2.03,21.33,48.71,6.76,6.81,6.76,78.0,14.0,8.0,100.0,12.0,0.0,0.0,9.0,0.0,13.0,58.0,66.0,80.0,5.0,10.0,171.0,69.0,54.0,27.0,60.0,23.0,9.0,1.68,2.82,2.31,4.0,3.0,5.0,100.0,92.0,92.0,24.0,0.83,0.0,0.0,7.64,7.64,7.59
WPG,2022,WPG,WPG,Team Level,other,82,0.51,0.54,0.53,10511.0,156.09,34.86,11.85,26.93,5.24,89.06,48.05,31.27,34.86,31.27,147.0,69.0,66.0,282.0,39.0,10.0,4.0,19.0,2.0,83.0,63.0,108.0,177.0,6.0,12.0,108.0,38.0,21.0,18.0,110.0,63.0,43.0,4.29,7.79,22.79,6.0,12.0,21.0,282.0,216.0,216.0,7.0,3.49,3.88,3.88,34.47,34.47,32.1,137.43,33.68,9.54,24.36,4.62,72.66,46.13,32.1,33.68,32.1,134.0,57.0,49.0,240.0,32.0,12.0,3.0,25.0,2.0,65.0,55.0,102.0,159.0,8.0,18.0,125.0,42.0,15.0,20.0,87.0,58.0,46.0,3.37,7.32,22.99,6.0,6.0,20.0,240.0,191.0,191.0,14.0,2.76,3.96,3.96,32.48,32.48,31.21
WPG,2022,WPG,WPG,Team Level,all,82,0.52,0.51,0.51,297097.0,2599.2,267.67,183.72,591.88,86.6,1461.75,1034.37,254.07,267.78,254.23,2486.0,1140.0,1211.0,4837.0,246.0,225.0,43.0,497.0,67.0,1298.0,1293.0,2240.0,3380.0,296.0,669.0,2184.0,1789.0,611.0,707.0,2585.0,757.0,284.0,77.42,92.25,98.0,91.0,81.0,74.0,4844.91,3626.0,3632.03,489.0,40.83,47.51,47.62,260.89,261.32,252.93,2485.45,251.2,173.32,575.09,82.07,1368.17,994.14,239.41,251.41,239.69,2487.0,957.0,1113.0,4557.0,224.0,215.0,34.0,478.0,58.0,1164.0,1305.0,2263.0,3220.0,318.0,707.0,2279.0,1746.0,565.0,773.0,2457.0,731.0,256.0,71.72,91.36,88.13,69.0,77.0,78.0,4547.1,3444.0,3442.71,560.0,38.4,46.9,46.9,242.7,242.87,235.74
WPG,2022,WPG,WPG,Team Level,5on5,82,0.52,0.52,0.51,238269.0,2010.62,179.9,135.75,479.47,67.23,1128.16,825.5,173.03,180.01,173.19,1924.0,892.0,966.0,3782.0,160.0,180.0,34.0,397.0,57.0,983.0,1039.0,1764.0,2656.0,269.0,611.0,1699.0,1646.0,517.0,589.0,2066.0,570.0,180.0,62.08,69.83,47.99,76.0,54.0,30.0,3789.91,2816.0,2822.04,431.0,28.1,36.44,36.54,171.46,171.89,168.66,1928.88,167.85,127.85,469.41,63.57,1057.41,783.91,161.31,168.06,161.59,1937.0,733.0,882.0,3552.0,148.0,171.0,23.0,389.0,47.0,887.0,1028.0,1789.0,2522.0,278.0,617.0,1684.0,1587.0,476.0,641.0,1973.0,550.0,147.0,58.21,69.15,40.48,55.0,60.0,33.0,3542.1,2670.0,2668.72,478.0,26.47,36.03,36.03,158.3,158.47,155.6
WPG,2022,WPG,WPG,Team Level,4on5,82,0.12,0.11,0.13,23095.0,57.57,5.51,2.69,7.48,1.62,17.45,40.26,5.34,5.51,5.34,61.0,14.0,8.0,83.0,6.0,1.0,0.0,2.0,2.0,13.0,51.0,55.0,69.0,10.0,23.0,167.0,68.0,53.0,46.0,53.0,15.0,7.0,1.61,1.9,2.01,1.0,3.0,2.0,83.0,75.0,75.0,46.0,0.62,0.29,0.29,5.83,5.83,5.74,342.61,42.33,31.93,70.56,11.6,214.34,111.25,38.78,42.33,38.78,332.0,150.0,169.0,651.0,39.0,30.0,8.0,60.0,9.0,199.0,145.0,293.0,443.0,20.0,43.0,230.0,29.0,15.0,47.0,324.0,107.0,51.0,8.24,12.59,21.5,7.0,9.0,23.0,651.0,482.0,482.0,5.0,8.25,6.42,6.42,44.15,44.15,41.18
WPG,2022,WPG,WPG,Team Level,5on4,82,0.87,0.86,0.84,25222.0,374.92,47.39,33.44,78.01,12.51,227.08,120.57,44.44,47.39,44.44,354.0,165.0,171.0,690.0,41.0,34.0,5.0,79.0,6.0,219.0,140.0,313.0,478.0,11.0,23.0,210.0,37.0,20.0,54.0,356.0,109.0,54.0,9.44,12.74,25.21,8.0,12.0,21.0,690.0,519.0,519.0,5.0,8.63,6.9,6.9,49.13,49.13,46.43,76.53,7.34,4.0,10.76,2.28,23.77,52.85,7.2,7.34,7.2,84.0,17.0,13.0,114.0,5.0,2.0,0.0,4.0,0.0,13.0,77.0,79.0,96.0,12.0,29.0,240.0,88.0,59.0,65.0,73.0,16.0,12.0,1.9,2.29,3.16,1.0,2.0,2.0,114.0,101.0,101.0,63.0,0.92,0.49,0.49,7.77,7.77,7.74
